CODE,DESCRIPTION,,
0,blank,,
0,GOSPEL OAK - BARKING,,
11151920,LEEDS-STEETON-CARLISLE (WYPTE),,
11731001,SUNDERLAND -NEWCASTLE (TP),,
11792820,NEWCASTLE-SUNDERLAND/SEAHAM (T&W PTE & DTP),,
11792920,NEWCASTLE-MIDDLESBROUGH (T&W PTE AND DTP),,
11798001,PELAW JUNCTION - SUNDERLAND (NEXUS),,
11802820,LEEDS-BARNSLEY/SHEFFIELD (WY PTE & SY PTE),,
11802920,SHEFFIELD-BARNSLEY/WAKEFIELD (SY PTE),,
11803920,HUDDERSFIELD-PENISTONE-BARNSLEY-SHEFFIELD (SY PTE & WY,,
11804920,MEADOWHALL/SHEFFIELD/KIVETON PARK-LINCOLN (SY PTE & DT,,
11807820,SHEFFIELD-DONCASTER-ADWICK/SELBY VIA ROTHERHAM CENTRAL,,
11808920,SHEFFIELD-THORNE NORTH-HULL (SY PTE),,
11810920,LEEDS-MOORTHORPE-SHEFFIELD (SY PTE & WY PTE),,
11815720,MANCHESTER AIRPORT - CLEETHORPES (WYPTE),,
11816820,DONCASTER-GOOLE-HULL (SY PTE & DTP),,
11817020,MANCHESTER AIRPORT-SHEFIELD-DONCASTER-CLEETHORPES,,
11818620,LEEDS-BRADFORD FORSTER SQUARE (WY PTE),,
11819020,LEEDS-ILKLEY (WY PTE),,
11820820,BRADFORD FORSTER SQUARE-SKIPTON (WY PTE & DTP),,
11821020,BRADFORD FORSTER SQUARE-ILKLEY (WY PTE),,
11822820,WAKEFIELD-KNOTTINGLEY (WY PTE),,
11824820,LEEDS-DONCASTER (WY PTE & SY PTE),,
11825820,DONCASTER-SCUNTHORPE (SY PTE),,
11830820,LEEDS-HARROGATE-KNARESBOROUGH (WY PTE & DTP),,
11830920,LEEDS-HARROGATE-YORK (WY PTE & DTP),,
11835920,LEEDS-SELBY (WY PTE & DTP),,
11837920,LEEDS-YORK (WY PTE & DTP),,
11838821,HULL-BRIDLINGTON-SCARBOROUGH,,
11841820,LEEDS-KNOTTINGLEY-GOOLE (WY PTE & DTP),,
11868820,LEEDS-BRADFORD INTERCHANGE-HALIFAX-HEBDEN BRIDGE (WY P,,
11868821,HUDDERSFIELD-WAKEFIELD WESTGATE (WY PTE),,
11869020,LEEDS-STEETON-LANCASTER/MORECAMBE (WY PTE & DTP),,
11870820,LEEDS-SKIPTON (DTP & WY PTE),,
11871821,LEEDS-MANCHESTER VICTORIA (GM PTE WY PTE & DTP),,
11874020,LEEDS-HUDDERSFIELD (WY PTE),,
12220110,MANCHESTER VICTORIA-STALYBRIDGE/GREENFIELD,,
12220821,MANCHESTER VICTORIA-HUDDERSFIELD,,
12222110,MANCHESTER VICTORIA - SHAW & CROMPTON/ROCHDALE VIA OLD,,
12223110,MANCHESTER VICTORIA - BOLTON,,
12223820,MANCHESTER VICTORIA/BOLTON-BLACKBURN,,
12224110,MANCHESTER OX RD/MANCHESTER VIC-BOLTON/WIGAN WALLGATE,,
12224820,MANCHESTER OX RD/MANCHESTER VIC-BOLTON-WIGAN WALLGATE-,,
12225110,MANCHESTER VICTORIA-ATHERTON-WIGAN WALLGATE,,
12225820,MANCHESTER VICTORIA-ATHERTON-WIGAN WALLGATE-SOUTHPORT,,
12226110,MANCHESTER PICC-MAPLE/ROSE HILL VIA REDDISH NORTH OR G,,
12226820,MANCHESTER PICC/OXF RD-MARPLE/NEW MILLS CTRL/STOCKPORT,,
12228110,MANCHESTER OXF RD/PICC-HAZEL GROVE,,
12228820,DEANSGATE/MANCHESTER PICC/OXF RD-STOCKPORT/NEW MILLS C,,
12229110,MANCHESTER OXFORD RD-STOCKPORT,,
12229820,MANCHESTER OXFORD ROAD-STOCKPORT/ALTRINCHAM/KNUTSFORD-,,
12230110,HADFIELD-GLOSSOP-MANCHESTER PICCADILLY,,
12231820,DEANSGATE/OX RD/PICC/STOCKPORT-CHEADLE HULME/MACCLESFI,,
12232820,DEANSGATE/OXF RD/PICC-CHEADLE HULME/WILMSLOW/ALDERLEY,,
12233110,DEANSGATE/MANCHESTER OXF RD/PICC-MANCHESTER AIRPORT,,
12233820,DEANSGATE/OXF RD/PICC-WILMSLOW/ALDERLEY EDGE/CREWE VIA,,
12236110,MANCHESTER OXFORD ROAD-GLAZEBROOK,,
12236820,MANCHESTER PICC/OX RD-GLAZEBROOK-WARRINGTON CENTRAL,,
12240820,WIGAN WALLGATE-KIRKBY,,
12242110,MANCHESTER VICTORIA/ROCHDALE-TODMORDEN,,
12246820,MANCHESTER AIRP-LANCASTER/BARROW/WINDERMERE,,
12247820,MAN AIRPORT-PRESTON/ST ANNES/BLACKPOOL N,,
12247822,MANCHESTER AIRPORT - BLACKPOOL NORTH,,
12248822,MANCHESTER AIRPORT-LIVERPOOL LIME STREET,,
12249820,LIVERPOOL-WIGAN NW-PRESTON-BLACKPOOL NTH/LANCASTER/MOR,,
12250001,PARRY RAILCAR,,
12251310,STOURBRIDGE JCT-STOURBRIDGE TOWN,,
12254320,BIRMINGHAM SNOW HILL- WHITLOCKS END/HENLEY IN ARDEN-ST,,
12256320,BIRMINGHAM-WOLVERHAMPTON-STAFFORD,,
12257320,BIRMINGHAM SNOW HILL-DORRIDGE-LEAMINGTON SPA-STRATFORD,,
12259320,BIRMINGHAM NEW STREET/COVENTRY-RUGBY-NORTHAMPTON,,
12263310,BIRMINGHAM-WALSALL-HEDNESFORD,,
12263810,BIRMINGHAM-HEDNESFORD-RUGELEY TOWN,,
12271310,WALSALL-WOLVERHAMPTON,,
12272320,LICHFIELD-REDDITCH (BLAKE STREET-LONGBRIDGE),,
12272820,LONGBRIDGE-REDDITCH/BROMSGROVE,,
12291210,LIVERPOOL LIME STREET-EARLESTOWN,,
12291820,LIVERPOOL LIME STREET-WARRINGTON BANK QUAY/ELLESMERE P,,
12297210,LIVERPOOL LIME STREET-ST HELENS CENTRAL,,
12297820,LIVERPOOL LIME STREET-WIGAN NORTH WESTERN,,
12298210,LIVERPOOL LIME STREET-NEWTON LE WILLOWS,,
12298820,LIVERPOOL L ST/NEWTON LE WILLOWS-WIGAN NW-MANCHESTER V,,
12299820,LIVERPOOL LIME STREET/HUNTS CROSS-WARRINGTON CENTRAL,,
12301012,HUNTS CROSS-LIVERPOOL CENT(PTE),,
12302012,LIVERPOOL CENT-SOUTHPORT (PTE),,
12303012,LIVERPOOL CENT-KIRKBY (PTE),,
12304212,LIVERPOOL CENT-ORMSKIRK(PTE LVC-MAG),,
12305012,LIV LOOP-NEW BRIGHTON/W.KIRBY(PTE),,
12306212,LIV LOOP-CHESTER/E.PORT(PTE LOOP-HOO),,
12325021,NOTTINGHAM-MANSFIELD-WORKSOP,,
12332320,BIRMINGHAM SN-STOURBRIDGE JCT-KDDRMINSTER-BROMSGRVE-WO,,
12338800,BLAENAU FFESTINIOG - LLANDUDNO (GWYNEDD SUPPORTED),,
12342800,WREXHAM - BIDSTON,,
12349820,MANCHESTER VICTORIA/BOLTON/BLACKBURN-CLITHEROE,,
12355110,MANCHESTER OXFORD ROAD - BOLTON,,
12355820,MANCHESTER PICC/VIC/OX RD-BOLTON/ATHERTON-PRESTON-BLAC,,
12358800,WHITEHAVEN-CARLISLE (INCL CCC),,
12752000,MANCHESTER PICCADILLY - BUXTON (TP),,
12974820,ANCILLARY MOVEMENTS,,
12974823,ANCILLARY MOVEMENTS,,
12974824,ANCILLARY MOVEMENTS,,
13560015,GLASGOW SUBURBAN ELECTRICS - NORTH,,
13561015,GLASGOW QUEEN STREET-CUMBERNAULD,,
13562015,GLASGOW SUBURBAN ELECTRICS - SOUTH,,
13563015,ARGYLE LINE,,
13564825,GLASGOW CEN-SHOTTS(PTE TRAINS),,
13565015,GLASGOW CENTRAL - PAISLEY CANAL,,
13566515,GLASGOW CENTRAL - WHIFFLET,,
13567015,GLASGOW CENTRAL - EAST KILBRIDE,,
13568015,GLASGOW CENTRAL - BARRHEAD - KILMARNOCK,,
13569815,GLASGOW CENTRAL - GOUROCK/WEMYSS BAY,,
13571015,GLASGOW CENTRAL - ARDROSSAN/LARGS,,
13572015,MOTHERWELL TO CUMBERNAULD,,
13573015,GLASGOW CENTRAL - AYR,,
13574515,GLASGOW QUEEN ST-MARYHILL,,
13575825,GLASGOW Q.ST-CROY-DUNBLANE(PTE TRAINS),,
13577015,KILMARNOCK - AYR / GIRVAN / STRANRAER,,
13578825,GLASGOW Q.ST-CROY-FLKIRK G'MSTON(PTE),,
21151900,LEEDS-SETTLE-CARLISLE (DTP),,
21691000,WESSEX MPV,,
21692000,SWR ALL OTHER TEST TRAINS,,
21693000,ROSCO MOVES-EVERSHOLT (SWT),,
21694000,ROSCO MOVES-ANGEL (SWT),,
21695000,ROSCO MOVES-PORTERBROOK (SWR),,
21696001,PETERSFIELD - WATERLOOVILLE BUS LINK,,
21700001,INTERCITY : KINGS CROSS - YORK - NEWCASTLE - EDINBURGH,,
21700101,SCOTTISH POWER SUPPLY 21700001,,
21700201,E.COAST TOC EVTURSIONS & CHARTER TRAFFIC,,
21701001,INTERCITY : KINGS CROSS - ABERDEEN / INVERNESS,,
21701101,SCOTTISH POWER SUPPLY 21701001,,
21702001,INTERCITY : KINGS CROSS - PETERBOROUGH - DONCASTER - L,,
21702501,CLASS 373/2 KINGS CROSS TO YORK,,
21703001,INTERCITY : KINGS CROSS - BRADFORD / HARROGATE / HULL,,
21704001,LNER EMPTY COACHING STOCK,,
21706001,KINGS CROSS - LEEDS (373'S),,
21713000,GN INNER (VIA WELWYN GARDEN CITY),,
21714000,GN INNER (VIA HERTFORD LOOP),,
21715000,GN OUTER (CAMBRIDGE (FAST)/ELY/KINGS LYNN),,
21716000,GN OUTER (LETCHWORTH/ROYSTON/CAMBRIDGE (SLOW)),,
21717000,GN OUTER (PETERBOROUGH ROUTE),,
21718001,GN ECS MOVES,,
21730001,ANGLO SCOTTISH,,
21731000,NEWCASTLE/YORK-MANCHESTER PICCADILLY-MANCHESTER AIRPOR,,
21732000,SCARBOROUGH-LIVERPOOL,,
21733000,HULL/LEEDS-MAN PICCADILLY/MAN AIRPORT,,
21734000,MIDDLESBROUGH-YORK-MAN PICCADILLY-MAN AIRPORT,,
21737000,LEEDS-PRESTON-BLACKPOOL NORTH (DTP),,
21750001,HULL TO KINGS CROSS,,
21755001,KINGS X - SUNDERLAND,,
21755005,ECS MOVES,,
21758001,GLASGOW - LIVERPOOL/BLACKPOOL,,
21758008,ECS MOVEMENTS,,
21770002,LIVERPOOL STREET - HARWICH INTERNATIONAL,,
21772001,TRAINS IN HOLLAND,,
21773001,HARWICH-HOOK OF HOLLAND,,
21781002,LIVERPOOL STREET - IPSWICH/NORWICH,,
21791000,NEWCASTLE-DARLINGTON-SALTBURN (DTP),,
21793000,NEWCASTLE-CARLISLE (DTP),,
21794000,NEWCASTLE-ALNMOUTH-CHATHILL (DTP),,
21796000,NEWCASTLE-HEXHAM (LOCALS)(DTP),,
21797001,E.COAST TOC RESCUE LOCO CALLOUTS,,
21799000,EMPTY TRAINS TO & FROM HEATON LMD,,
21799100,UNPLANNED GEMINI NORTH EAST,,
21799101,GNER CONTROL SPECIALS (CHARTERS),,
21800000,MIDDLESBROUGH-WHITBY (DTP),,
21801000,BISHOP AUCKLAND-DARLINGTON-SALTBURN/HARTLEPOOL (DTP),,
21805000,RETFORD/GAINSBOROUGH-CLEETHORPES (DTP),,
21806000,YORK-SELBY/HULL (DTP),,
21808900,SHEFFIELD-DONCASTER-GOOLE-HULL (DTP),,
21826000,CLEETHORPES-BARTON ON HUMBER (DTP),,
21831000,EMPTY TRAINS TO & FROM NEVILLE HILL LMD,,
21845000,SHEFFIELD-YORK (DTP),,
21853000,SHEFFIELD/BARNSLEY-LEEDS (FAST TRAINS) (DTP),,
21869000,LEEDS-LANCASTER/MORECAMBE (DTP),,
21890002,ANGLIA ECS MOVES,,
21890102,ANGLIA UNPLANNED GEMINI MOVES,,
21891002,IPSWICH - SAXMUNDHAM - LOWESTOFT,,
21893002,IPSWICH - FELIXSTOWE,,
21894002,HARWICH P QUAY - BURY ST EDMUNDS/CAMBRIDGE/PETERBOROUG,,
21895002,NORWICH - LOWESTOFT,,
21896002,NORWICH - GREAT YARMOUTH,,
21897002,NORWICH - CROMER/SHERINGHAM,,
21899002,NORWICH - CAMBRIDGE,,
21901000,STAFF TRAINS,,
21910000,LIVERPOOL STREET - CHINGFORD (OFF PEAK),,
21911000,LIVERPOOL STREET - STANSTED AIRPORT (OFF PEAK),,
21912000,LIVERPOOL STREET - ENFIELD TOWN/CHESHUNT VIA SOUTHBURY,,
21913000,LIVERPOOL STREET - BISHOPS STORTFORD/CAMBRIDGE (OFF PE,,
21915000,CAMBRIDGE - KINGS LYNN,,
21916400,NON REVENUE EARNING WA TRAINS (ECS MOVES),,
21916401,VSTP NON-REVENUE EARNING WA TRAINS (ECS),,
21920000,LIVERPOOL STREET - HERTFORD EAST VIA LEA VALLEY (OFF P,,
21921000,GOSPEL OAK-BARKING,,
21926001,COLCHESTER - SUDBURY,,
21936004,FENCH ST-SHOE VIA LAINDON(NOT PEAK),,
21939001,LIVERPOOL ST - CHELMSFORD/COLCHESTER/WALTON/HARWICH P,,
21940001,LIVERPOOL ST - GIDEA PK/SHENFIELD/ROMFORD/UPMINSTER (O,,
21943001,LIVERPOOL ST - WICKFORD/SOUTHMINSTER/SOUTHEND VIC (OFF,,
21945001,FIRST GREAT EASTERN ECS MOVES,,
21945002,ONE CLASS 357 DRIVER TRAINING,,
21945101,UNPLANNED GEMINI MOVES - FIRST GREAT EASTERN,,
21994001,ROYAL TRAINS,,
21999003,WENSLEYDALE TEST,,
22100001,EUSTON-BIRMINGHAM/WOLVERHAMPTON,,
22103001,EUSTON - PRESTON,,
22104001,EUSTON-HOLYHEAD,,
22108001,EUSTON - MANCHESTER,,
22109001,EUSTON - LIVERPOOL,,
22112001,EUSTON-CARLISLE/GLASGOW,,
22112002,11 CAR PENDOLINO TESTING,,
22112101,SCOTTISH POWER SUPPLY (22112001),,
22113101,SCOTTISH POWER SUPPLY (22113001),,
22114001,LONDON EUSTON TO GLASGOW/EDINBURGH VIA WEST MIDLANDS (,,
22115001,IC WEST COAST CHARTER/SPECIAL TRAINS,,
22116001,SHUTTLE SERVICES (ENGINEERING OPERATIONS) (WEST COAST,,
22117001,SHUTTLE SERVICE:COVENTRY-NUNEATON,,
22118001,SHUTTLE SERVICE:STOKE-ON-TRENT-STAFFORD,,
22150000,LONDON ST PANCRAS - DERBY - SHEFFIELD (FAST),,
22150007,EMT HST/MERIDIAN ECS MOVEMENTS,,
22152000,LONDON ST PANCRAS - DERBY - SHEFFIELD (SEMI-FAST),,
22152007,EAST MIDLANDS MERIDIAN ECS MOVES,,
22153000,LONDON ST PANCRAS - NOTTINGHAM (FAST),,
22154000,LONDON ST PANCRAS - NOTTINGHAM (SEMI-FAST),,
22156000,LONDON ST PANCRAS - KETTERING (SEMI-FAST),,
22180008,BIRMINGHAM NEW STREET-EDINBURGH VIA LEEDS & ECML,,
22180009,BIRMINGHAM NEW STREET-NEWCASTLE,,
22180010,BIRMINGHAM NEW STREET-BOURNEMOUTH,,
22180011,BIRMINGHAM NEW STREET-READING,,
22180012,BIRMINGHAM NEW STREET-PLYMOUTH,,
22180013,BIRMINGHAM NEW STREET-BRISTOL TEMPLE MEADS,,
22180014,BIRMINGHAM NEW STREET-MANCHESTER PICCADILLY,,
22185002,CROSS COUNTRY VOYAGER ECS MOVEMENTS,,
22185003,CROSS COUNTRY LOCAL/PROVINCIAL ECS MOVEMENTS,,
22190008,DRS: (4017) - CHARTERS,,
22204000,WILLESDEN-KENSINGTON-CLAPHAM JCT,,
22204700,WILLESDEN-KENSINGTON-CLAPHAM JCT,,
22209000,LONDON EUSTON-MILTON KEYNES-NORTHAMPTON,,
22209001,WCML ECS MOVES,,
22212000,BEDFORD-BLETCHLEY,,
22213000,WATFORD JUNCTION-ST ALBANS ABBEY,,
22214000,RICHMOND-NORTH WOOLWICH,,
22215000,ELL:DALSTON JCT- NEW CROSS/NEWCROSS GATE (TFL INF ONLY,,
22215001,ELL:DALSTON JCT - NEW CROSS/NEW CROSS GATE (TFL INF ON,,
22215002,ELL:DALSTON JET-CRYSTAL PALACE/WEST CROYDON (ECS),,
22216000,EUSTON-WATFORD JUNCTION (D.C LINES),,
22216001,ECS MOVEMENTS,,
22224000,WIGAN WALLGATE-SOUTHPORT,,
22225000,WIGAN WALLGATE-SOUTHPORT,,
22227000,STOCKPORT-STALYBRIDGE (NOT SCHEDULE 7 & 8),,
22229000,ALTRINCHAM-CHESTER,,
22231000,MACCLESFIELD/KIDSGROVE-STOKE ON TRENT,,
22232000,CREWE/ALDERLEY EDGE-WILMSLOW,,
22233000,CREWE-MANCHESTER AIRPORT,,
22238108,FORT WILLIAM - MALLAIG,,
22239000,BLACKPOOL NTH-CARLISLE (DALESRAIL),,
22241000,BATTERSBY - WHITBY,,
22243008,WEST COAST RAILWAY TIME CRITICAL CHARTERS,,
22244008,WEST COAST RAILWAY STANDARD CHARTERS,,
22254000,BIRMINGHAM SNOW HILL-STRATFORD UPON AVON,,
22257000,BIRMINGHAM SNOW HILL-LEAMINGTON SPA-STRATFORD U AVON,,
22259000,BIRMINGHAM NEW STREET-RUGBY-NORTHAMPTON,,
22260000,BIRMINGHAM NEW STREET-LEICESTER (LOCAL SERVICES),,
22261000,SHREWSBURY - WREXHAM - CHESTER,,
22263000,BIRMINGHAM-RUGELEY-STAFFORD,,
22266000,BIRMINGHAM NEW ST-WOLVERHAMPTON-WELLINGTON/SHREWSBURY,,
22268000,BIRMINGHAM NEW STREET-LEICESTER-CAMBRIDGE-STANSTED AIR,,
22269000,LIVERPOOL-MANCHESTER-SHEFFIELD-NOTTINGHAM-PETERBOROUGH,,
22270000,EAST MIDLANDS LOCAL/REGIONAL ECS MOVES,,
22272000,LICHFIELD-REDDITCH (BLAKE STREET-LICHFIELD),,
22275000,DERBY-NOTTINGHAM (STOPPING),,
22277000,NOTTINGHAM-NEWARK-LINCOLN,,
22291000,ELLESMERE PORT/HELSBY-WARRINGTON,,
22300000,BIRMINGHAM NEW ST-CREWE-LIVERPOOL LIME STREET,,
22304003,LIVERPOOL CENT-ORMSKIRK(PSO MAG-OMS),,
22306003,LIV LOOP-CHESTER/E.PORT(PSO HOO-CTR/ELP),,
22320000,DERBY - STOKE ON TRENT - CREWE,,
22321000,LEICESTER - NOTTINGHAM (LOCAL),,
22323000,DERBY-MATLOCK,,
22328000,COVENTRY-NUNEATON,,
22329000,HEREFORD-GREAT MALVERN-WORCESTER-BIRMINGHAM NEW STREET,,
22330000,RUGBY/COVENTRY-NUNEATON-STAFFORD-CREWE/STOKE ON TRENT,,
22331000,WORCESTER-GLOUCESTER,,
22332000,BIRMINGHAM SN-STOURBRIDGE JCT-KIDDERMINSTER-WORCESTER/,,
22333000,CARDIFF CENTRAL-BIRMINGHAM-NOTTINGHAM,,
22334000,ABERYSTWYTH - BIRMINGHAM,,
22335000,MACHYNLLETH - PWLLHELI,,
22338000,BLAENAU FFESTINIOG - LLANDUDNO,,
22340000,HOLYHEAD/BANGOR/LLANDUDNO - CHESTER/CREWE/BIRMINGHAM N,,
22342000,WREXHAM - BIDSTON,,
22343000,HOLYHEAD - LLANDUDNO,,
22345000,HOLYHEAD/BANGOR/LLANDUDNO/CHESTER - CREWE/MANCHESTER,,
22349000,MORECAMBE/PRESTON-BLACKBURN-CLITHEROE,,
22350000,CLITHEROE/COLNE/BLACKBURN-PRESTON-BLACKPOOL NORTH/SOUT,,
22351000,PRESTON-ORMSKIRK,,
22352000,PRESTON/LANCASTER-MORECAMBE/HEYSHAM,,
22354000,PRESTON/LANCASTER-BARROW,,
22355000,BLACKPOOL NTH-PRESTON,,
22356000,WINDERMERE-OXENHOLME/LANCASTER/MORECAMBE/PRESTON,,
22358000,BARROW/MILLOM-WHITEHAVEN-CARLISLE,,
22469000,COTSWOLDS RAIL CHARTERS,,
22469001,COTSWOLDS RAIL TRANSFER MOVES,,
22709000,BLACKFRIARS-KENTISH TOWN ONLY (JOINT FCC/SE FRANCHISE),,
22710000,TL MAINLINE NORTH (BEDFORD-BRIGHTON),,
22710001,TL SUBURBAN NORTH (LOOP SERVICES),,
22710002,BLACKFRIARS - ST ALBANS/LUTON/BEDFORD (JOINT FCC/LSER,,
22711000,TL MAINLINE SOUTH (BRIGHTON-BEDFORD),,
22712000,TL SUBURBAN SOUTH (LOOP SERVICES),,
22718002,TL ECS MOVES,,
22753000,LANCASTER-MORECAMBE AND BARROW-MILLOM (TP),,
22757001,LONDON MARYLEBONE - WREXHAM,,
22757007,ECS MOVEMENTS,,
22812000,PETERBOROUGH - SPALDING - LINCOLN - DONCASTER,,
22832000,NOTTINGHAM-GRANTHAM-SKEGNESS,,
22836000,LINCOLN - GRIMSBY - CLEETHORPES,,
22902203,NORTHERN LINES (VSTP ONLY),,
22903203,WIRRAL LINES (VSTP ONLY),,
22936004,C2C STAFF TRAINS,,
22974000,ANCILLARY MOVEMENTS,,
22977000,WEST MIDLANDS : LOCAL/REGIONAL ECS MOVES,,
23540003,GLASGOW QUEEN STREET - ABERDEEN - DYCE,,
23541003,EDINBURGH - ABERDEEN,,
23542003,INVERNESS-THURSO/WICK,,
23543003,INVERNESS - KYLE OF LOCHALSH,,
23545003,GLASGOW Q.ST-OBAN/F WILLIAM/MALLAIG,,
23546003,FIFE - GLASGOW QUEEN ST,,
23547003,ABERDEEN - INVERNESS,,
23548003,EDINBURGH-FALKIRK-GLASGOW Q.ST,,
23549003,GLASGOW/EDINBURGH-PERTH/INVERNESS,,
23551003,GLASGOW CENTRAL - LONDON EUSTON SLEEPER,,
23552003,EDINBURGH - CARSTAIRS SLEEPER PORTION,,
23553003,INVERNESS - LONDON EUSTON SLEEPER,,
23554003,ABERDEEN - EDINBURGH SLEEPER PORTION,,
23555003,FORT WILLIAM -EDINBURGH SLEEPER PORTION,,
23564903,GLASGOW CENT-SHOTTS-EDINBURGH(NON PTE),,
23575903,GLASGOW-STIRLING-DUNBLANE(NON PTE TRAIN),,
23576003,EDINBURGH - DUNBLANE,,
23578903,GLASGOW-FALKIRK GRAHAMSTON(NON PTE),,
23579003,GLASGOW CENTRAL/CARLISLE/AYR-STRANRAER,,
23580903,SCOTRAIL SOUTHWEST EXCEPT STRANRAER,,
23584003,HAYMARKET - NORTH BERWICK,,
23585003,EDINBURGH - BATHGATE,,
23586003,EDINBURGH - NEWCRAIGHALL,,
23587003,FIFE OUTER CIRCLE,,
23587103,FIFE INNER CIRCLE,,
23971003,SCOTRAIL - OPEN ACCESS,,
23971103,SCOTRAIL-EMU MAINTNCE/TESTS(SCOT ZONE),,
23971203,SCOTRAIL-DMU MAINTNCE/TESTS(SCOT ZONE),,
23971403,SCOTRAIL DRIVER TRAINING,,
23971503,SCOTRAIL SPECIAL EVENTS(NON OPEN ACCESS),,
23971603,SCOTRAIL PASSENGER ROUTE MAINTENANCE,,
24460004,SW DIVISION SANDITE/DE-ICING TRAINS,,
24461004,SC-STAFF/SANDITE/DE-ICERS,,
24462000,SOUTH EASTERN STAFF TRAINS,,
24462004,SOUTHERN SANDITES & DE-ICERS,,
24602000,LONDON - HASTINGS VIA TONBRIDGE-PEAK TRAINS,,
24602004,LONDON - HASTINGS VIA TONBRIDGE,,
24603006,ASHFORD - HASTINGS,,
24604000,LONDON-DOVER PRIORY/RMSGATE VIA CHATHAM-PEAK TRAINS,,
24604004,LONDON-DOVER PRIORY/RMSGATE VIA CHATHAM,,
24605000,LONDON-RAMSGATE VIA CNTBY W/FOLKESTONE-PEAK TRAINS,,
24605004,LONDON-RAMSGATE VIA CNTBY W/FOLKESTONE,,
24606000,LONDON - MAIDSTONE EAST / ASHFORD(K)-PEAK TRAINS,,
24606004,LONDON - MAIDSTONE EAST / ASHFORD(K),,
24607006,SITTINGBOURNE - SHEERNESS,,
24608006,MAIDSTONE WEST - STROOD,,
24609006,MAIDSTONE - THREE BRIDGES VIA REDHILL,,
24610000,PEAK TRAIN MOVEMENTS LONDON-EAST GRINSTEAD,,
24610004,LONDON - EAST GRINSTEAD,,
24614006,BRIGHTON - ORE AND BRANCHES,,
24615006,BRIGHTON - PORTSMOUTH AND BRANCHES,,
24617000,HW07: LONDON-GATWICK AIRPORT (GATWICK EXPRESS) PEAK,,
24617003,HW07: LONDON-GATWICK AIRPORT (GATWICK EXPRESS) OFF PEA,,
24618000,PEAK TRAIN MOVEMENTS LONDON - HASTINGS VIA HAYWARDS HE,,
24618004,LONDON - HASTINGS VIA HAYWARDS HEATH/LEWES,,
24619004,LONDON - UCKFIELD,,
24620104,WATERLOO - WEYMOUTH,,
24620204,WATERLOO-SOUTHAMPTON-POOLE,,
24621104,WATERLOO - PORTSMOUTH (FAST),,
24621204,WATERLOO - PORTSMOUTH (SEMI-FAST),,
24621304,WATERLOO - PORTSMOUTH (STOPPING LOCALS),,
24622004,LONDON - REIGATE/TONBRIDGE VIA REDHILL,,
24623104,WATERLOO - EXETER (FAST),,
24623204,WATERLOO - YEOVIL(STOPPERS),,
24623304,NON LONDON (BASINGSTK/EXETER/BRGTN/ETC),,
24623404,SALISBURY - BRISTOL TEMPLE MEADS,,
24627006,ISLE OF WIGHT,,
24629104,WATERLOO-WEYMOUTH (STOPPING/LOCALS),,
24629204,WATERLOO-BASINGSTOKE,,
24629304,LYMINGTON BRANCH,,
24629404,ROMSEY-EASTLEIGH-SOUTHAMPTON-TOTTON/SALISBURY,,
24631104,PORTSMOUTH - SOUTHAMPTON,,
24631204,WATERLOO-PORTSMOUTH VIA EASTLEIGH,,
24632104,WATERLOO - ALTON (FAST),,
24632204,WATERLOO - FARNHAM/ALTON(SEMI-FAST),,
24636004,CENTRAL DIVISION TEST TRAINS,,
24638004,DISNEYLAND PASSENGERS,,
24649000,ST PANCRAS INT - EBBSFLEET SHUTTLE (HSI)(PEAK),,
24649004,ST PANCRAS INT - EBBSFLEET SHUTTLE (HSI)(OFF PEAK),,
24649009,ECS MOVEMENTS & 395 TESTING,,
24650000,LONDON - DARTFORD VIA BEXLEYHEATH-PEAK TRAINS,,
24650005,LONDON - DARTFORD VIA BEXLEYHEATH,,
24652000,LONDON - ORPINGTON VIA HERNE HILL-PEAK TRAINS,,
24652005,LONDON - ORPINGTON VIA HERNE HILL,,
24653000,LONDON - HAYES/ADDISCOMBE-PEAK TRAINS,,
24653005,LONDON - HAYES/ADDISCOMBE,,
24655000,LONDON-ORP/SEV VIA GROVE PARK-PEAK TRAINS,,
24655005,LONDON-ORP/SEV VIA GROVE PARK,,
24656000,LONDON-SEVENOAKS VIA CATFORD-PEAK TRAINS,,
24656005,LONDON-SEVENOAKS VIA CATFORD,,
24657000,LONDON TO DARTFORD VIA SIDCUP- PEAK TRAINS,,
24657005,LONDON TO DARTFORD VIA SIDCUP,,
24658000,LONDON - GILLINGHAM VIA BLACKHEATH/CHARLTON-PEAK TRAIN,,
24658005,LONDON - GILLINGHAM SEMI FASTS,,
24659000,LONDON - DARTFORD VIA GREENWICH-PEAK TRAINS,,
24659005,LONDON - DARTFORD VIA GREENWICH,,
24660004,SC-ECS TRAINS,,
24661000,PEAK TRAIN MOVEMENTS LONDON-CATERHAM/TATTENHAM CORNER,,
24661005,LONDON - CATERHAM/TATTENHAM CORNER,,
24663000,PEAK TRAIN MOVEMENTS LONDON-BRIGHTON (FAST),,
24663004,LONDON - BRIGHTON (CLASS 1),,
24664000,PEAK TRAIN MOVEMENTS LONDON-BRIGHTON (SEMI-FAST),,
24664004,LONDON - BRIGHTON (CLASS 2),,
24665000,PEAK TRAIN MOVEMENTS LONDON - PORTSMOUTH VIA ARUNDEL,,
24665004,LONDON - PORTSMOUTH VIA ARUNDEL,,
24666000,PEAK TRAIN MOVEMENTS LONDON - PORTSMOUTH/SOUTHAMPTON,,
24666004,LONDON - PORTSMOUTH/SOUTHAMPTON VIA HOVE,,
24667000,PEAK TRAIN MOVEMENTS LONDON -  HORSHAM VIA GATWICK AIR,,
24667004,LONDON - HORSHAM (CLASS 2),,
24668000,PEAK TRAIN MOVEMENTS VICTORIA -LONDON BRIDGE  VIA DENM,,
24668005,VICTORIA-LONDON BRIDGE(VIA D. HILL),,
24669000,PEAK TRAIN MOVEMENTS VICTORIA - BECKENHAM JUNCTION,,
24669005,VICTORIA - BECKENHAM JCT.,,
24671105,WATERLOO -WINDSOR,,
24671205,WATERLOO - WEYBRIDGE,,
24671305,LONDON WATERLOO - HOUNSLOW,,
24671405,WATERLOO-WATERLOO VIA NEW MALDEN AND TWICKENHAM,,
24671505,WATERLOO-WATERLOO VIA TWICKENHAM AND NEW MALDEN,,
24671605,WATERLOO - SHEPPERTON (TW),,
24672104,WATERLOO - READING,,
24672204,WATERLOO - ALDERSHOT/GUILDFORD,,
24672404,GUILDFORD - ASCOT,,
24673105,WATERLOO-SHEPPERTON(VIA NM),,
24673205,WATERLOO - HAMPTON COURT,,
24673305,WATERLOO - EPSOM/DORKING,,
24673405,WATERLOO - CHESSINGTON SOUTH,,
24673505,WATERLOO - GUILDFORD (C),,
24673605,WATERLOO-WOKING-GUILDFORD,,
24673705,WATERLOO-GUILDFORD (L),,
24673905,EPSOM-WEST CROYDON,,
24674005,GATWICK AIRPORT - RUGBY,,
24676004,SWR ECS MOVEMENTS,,
24676104,UNPLANNED GEMINI : SOUTH WEST,,
24680004,BAKERLOO LINE TRAINS (LUL),,
24681004,WIMBLEDON-EAST PUTNEY,,
24682004,RICHMOND & GUNNERSBURY,,
24683000,PEAK TRAIN MOVEMENTS VICTORIA-WEST CROYDON VIA CRYSTAL,,
24683005,VICTORIA-W.CROYDON(VIA C.PALACE),,
24684000,PEAK TRAIN MOVEMENTS LONDON-EAST/WEST CROYDON,,
24684005,LNDN BDGE-E/W CROYDON(VIA C.PALACE),,
24685000,PEAK TRAIN MOVEMENTS LONDON BRIDGE-GUILDFORD VIA FORES,,
24685005,LNDN BDGE-GLDFD(VIA F.HILL & SUTTON),,
24686000,PEAK TRAIN MOVEMENTS LONDON BRIDGE-SUTTON VIA TULSE HI,,
24686005,LNDN BDGE-SUTTON(VIA T. HILL & WMBLDN),,
24687000,PEAK TRAIN MOVEMENTS VICTORIA-SUTTON VIA SELHURST & WE,,
24687005,VICTORIA-SUTTON(VIA SLHRST & W.CROYDON),,
24688000,PEAK TRAIN MOVEMENTS VICTORIA-EPSOM DOWNS,,
24688005,VICTORIA-EPS DNS & HORSHAM(VIA MIT JCN),,
24691000,ROMSEY RAILINK BUS,,
24692000,BORDEN RAILINK BUS,,
24936004,FENCHURCH ST-SHOEBURYNESS VIA CHAFFORD HUNDRED,,
24950004,SWR HEATHROW BUSES,,
24951004,SWR CHARTERS,,
24953004,S.E. CHARTER TRAINS,,
25210004,MARYLEBONE - HARROW ON THE HILL / AYLESBURY,,
25211004,MARYLEBONE-H.WYCOMBE-BANBURY-AYLESBURY,,
25217004,UNPLANNED GEMINI-CHILTERNS,,
25267000,SHREWSBURY - CREWE,,
25370002,PADDINGTON - BRISTOL/WESTON SM/EXETER,,
25375002,PADDINGTON - CARDIFF/SWANSEA,,
25390003,PADDINGTON - CHELTENHAM,,
25392003,PADDINGTON - WORCESTER/HEREFORD,,
25396002,SLEEPER,,
25397003,PADDINGTON - PLYMOUTH/PENZANCE,,
25425001,WESSEX ECS MOVES,,
25425101,WESSEX UNPLANNED GEMINI,,
25429000,CARDIFF - BIRMINGHAM,,
25430000,CARDIFF Q STREET - CARDIFF BAY,,
25431000,CARDIFF - MAESTEG,,
25432000,SWANSEA - MILFORD HVN (FAST),,
25433000,SWANSEA - MILFORD HVN (LOCALS),,
25434000,CARDIFF - MANCHESTER/L'POOL/HOLYHEAD,,
25435000,SWANSEA - SHREWSBURY,,
25436000,W & S WALES - WOE,,
25437000,SWANSEA - PEMBROKE DOCK,,
25438000,SOUTH WALES MAINLINE,,
25439000,BARRY - BRIDGEND VIA ABERTHAW,,
25440000,CARDIFF - RADYR VIA CITY LINE,,
25441000,CARDIFF - ABERDARE,,
25442000,BARRY ISLAND - CARDIFF CENTRAL,,
25443000,PENARTH - CARDIFF CENTRAL,,
25444000,CAERPHILLY - CARDIFF,,
25444001,CARDIFF - EBBW VALE PARKWAY,,
25445000,CARDIFF CENTRAL - CORYTON,,
25446000,CARDIFF CENTRAL - METHYR,,
25447000,CARDIFF CENTRAL - TREHERBERT,,
25448000,CARDIFF CENTRAL - RHYMNEY,,
25449000,SWANSEA - BRIDGEND/CARDIFF (SWANLINE),,
25450000,WALES & BORDERS ECS MOVES,,
25450100,WALES & BORDERS UNPLANNED GEMINI,,
25460001,BRISTOL - CARDIFF,,
25462001,EXETER - PAIGNTON/PLYMOUTH,,
25466001,BRISTOL - SEVERN BEACH,,
25467001,BRISTOL - WESTON SUPER MARE/TAUNTON,,
25470001,CARDIFF - SOUTHAMPTON/PORTSMOUTH/BRIGHTON,,
25471001,CARDIFF/BRISTOL - WEYMOUTH,,
25473001,PLYMOUTH - GUNNISLAKE,,
25474001,PLYMOUTH - PENZANCE,,
25476001,LISKEARD - LOOE,,
25477001,PAR - NEWQUAY,,
25478001,TRURO - FALMOUTH,,
25479001,PENZANCE - ST ERTH/ST IVES,,
25480001,EXETER - BARNSTAPLE,,
25482001,EXETER - EXMOUTH,,
25484001,BRISTOL - GLOUCESTER/WORCESTER,,
25485001,SWINDON - WESTBURY,,
25486001,CHELTENHAM/GLOUCESTER - SWINDON,,
25488001,BATH - BRISTOL - FILTON,,
25501105,UNPLANNED GEMINI LONDON SUBURBAN,,
25503000,Discontinued - ECS MOVES,,
25503003,Discontinued - HAYES AND HARLINGTON - HEATHROW AIRPORT,,
25505005,Discontinued - PADDINGTON - HAYES AND HARLINGTON,,
25506005,PADDINGTON - OXFORD (STOPPING SERVICES),,
25507005,PADDINGTON - OXFORD/BANBURY,,
25508006,PADDINGTON - GREENFORD,,
25509007,MAIDENHEAD - BOURNE END/MARLOW,,
25510006,SLOUGH - WINDSOR,,
25511007,TWYFORD - HENLEY,,
25512005,BICESTER - OXFORD,,
25513005,OXFORD - READING (STOPPING SERVICES),,
25514005,OXFORD - BANBURY,,
25516005,PADDINGTON - HENLEY/READING,,
25517005,PADDINGTON - BEDWYN/NEWBURY,,
25518007,READING - BASINGSTOKE,,
25519007,READING - NEWBURY - BEDWYN,,
25520005,SUBURBAN TOURIST SPECIALS,,
25521007,READING - GATWICK AIRPORT,,
25522007,READING - GUILDFORD/REDHILL,,
25524005,OXFORD - WORCESTER - HEREFORD,,
25527005,BUSES,,
25530004,MARYLEBONE-LEAMINGTON-BIRMINGHAM,,
25904000,WALES & BORDERS RSP & STAFF TRAVEL,,
25904101,STAFF TRAINS LOCAL,,
25905000,HEATHROW EXPRESS,,
25910000,LIVERPOOL STREET - CHINGFORD (PEAK),,
25911000,LIVERPOOL STREET - STANSTED AIRPORT (PEAK),,
25912000,LIVERPOOL STREET - ENFIELD TOWN/CHESHUNT VIA SOUTHBURY,,
25913000,LIVERPOOL STREET - BISHOPS STORTFORD/CAMBRIDGE (PEAK),,
25915000,CAMBRIDGE TO KINGS LYNN (WA),,
25920000,LIVERPOOL STREET - HERTFORD EAST VIA LEA VALLEY (PEAK),,
25926001,COLCHESTER - SUBBURY (PEAK),,
25936005,C2C ECS,,
25939001,LIVERPOOL ST - CHELMSFORD/COLCHESTER/WALTON/HARWICH P,,
25940001,LIVERPOOL ST - GIDEA PK/SHENFIELD/ROMFORD/UPMINSTER (P,,
25943001,LIVERPOOL ST - WICKFORD/SOUTHMINSTER/SOUTHEND VIC (PEA,,
25978001,STABLING - LOCAL,,
25978100,WALES & BORDERS CAR PKG & MSC,,
25979001,CHARTERS - LOCAL,,
25979100,WALES & BORDERS CHARTERS,,
25994007,SUBURBAN SPECIALS,,
25999902,SEVERN TUNNEL RESCUE TRAIN,,
26936004,FENCH ST-SHOE VIA LAINDON(PEAK),,
27936004,FENCH ST-SHOE VIA RAINHAM(NOT PEAK),,
28936004,FENCH ST-SHOE VIA RAINHAM(PEAK),,
29936004,GRAYS-UPMINSTER VIA CHAFFORD HUNDRED,,
50195041,DBC UK: POWDERHALL - OXWELLMAINS,,
50260430,DB SCHENKER: GREENBURN - COCKENZIE,,
50260435,DB SCHENKER: HUNTERSTON - COCKENZIE,,
50260436,DB SCHENKER: CHALMERSTON TO COCKENZIE,,
50260437,DB SCHENKER: LEITH - COCKENZIE,,
50261141,DB SCHENKER: HUNTERSTON - LONGANNET,,
50261143,DB SCHENKER: CHALMERSTON - LONGANNET,,
50300930,DBC UK: NEW CUMNOCK - NEWPORT DOCKS,,
50302230,DB SCHENKER: DRAX - MOSSEND,,
50406740,EWS: LYNEMOUTH - NEWPORT DOCKS,,
50406741,ALCAN: MOSSEND/FT.WILLIAM - LYNEMOUTH,,
50406742,ALCAN: LYNEMOUTH - BLYTH,,
50417641,DBC UK: GRANGEMOUTH (PETROLEUM),,
50440220,PREMIUM LOGISTICS,,
50500100,STEEL COIL TRAFFIC,,
50510120,LIGHT LOCOMOTIVE NOT PART OF CONTRACT OR,,
50510170,FREIGHTLINER INTERMODAL LIGHT ENGINES,,
50520220,DBC UK ADHOC MAINTENANCE & FUEL MOVEMENTS,,
50520320,DBC UK: STP - COAL NOT FOR POWER STATIONS,,
50520420,DBC UK: STP - METALS / STEEL,,
50520620,DBC UK: STP - CONSTRUCTION,,
50520720,DBC UK: STP - DOMESTIC INTERMODAL,,
50520920,DBC UK: STP - POWER STATION COAL,,
50560360,SERCO RAIL OPERATIONS: MOVEMENT OF EMPTY COACH STOCK,,
50622270,FREIGHTLINER HEAVYHAUL - SPARE,,
51100030,TARMAC NORTH: RYLSTONE TO DEWSBURY/HULL/LEEDS,,
51120920,DBC UK: TUNSTEAD TO VARIOUS,,
51161321,DBC UK: COTTAM - FERRYBRIDGE,,
51200130,DBC UK: IMMINGHAM - DRAX,,
51200131,DB SCHENKER: HUNTERSTON - DRAX,,
51200132,DB SCHENKER: HULL - DRAX,,
51200133,DB SCHENKER: THORNTON - DRAX,,
51200134,DB SCHENKER: MOSSEND - DRAX,,
51200135,DB SCHENKER: NEW CUMNOCK - DRAX,,
51200136,DB SCHENKER: RAVENSTRUTHER TO DRAX,,
51200137,DB SCHENKER: REDCAR TO DRAX,,
51200138,DB SCHENKER: GREENBURN TO DRAX,,
51200139,DB SCHENKER: KELLINGLEY - DRAX,,
51200140,DB SCHENKER: NORTH BLYTH - DRAX,,
51200141,DB SCHENKER: HATFIELD - DRAX,,
51200142,DB SCHENKER: TYNE DOCK - DRAX,,
51200432,DB SCHENKER: TYNE DOCK - EGGBOROUGH,,
51200433,DB SCHENKER: IMMINGHAM - EGGBOROUGH,,
51200434,DB SCHENKER: REDCAR - EGGBOROUGH,,
51200435,DB SCHENKER: NORTH BLYTH - EGGBOROUGH,,
51200437,DB SCHENKER: HULL - EGGBOROUGH,,
51200531,DB SCHENKER: REDCAR - FERRYBRIDGE,,
51200533,DB SCHENKER: IMMINGHAM - FERRYBRIDGE,,
51200535,DB SCHENKER: HULL - FERRYBRIDGE,,
51200537,DB SCHENKER: NORTH BLYTH - FERRYBRIDGE,,
51200538,DB SCHENKER: TYNE DOCK - FERRYBRIDGE,,
51230030,DB SCHENKER: OXCROFT - COTTAM,,
51230031,DB SCHENKER: WELBECK - COTTAM,,
51230032,DB SCHENKER: HULL - COTTAM,,
51230033,DB SCHENKER: DAW MILL - COTTAM,,
51230034,DB SCHENKER: NEW CUMNOCK - COTTAM,,
51230035,DB SCHENKER: IMMINGHAM - COTTAM,,
51230036,DB SCHENKER: THORESBY - COTTAM,,
51230037,DB SCHENKER: MOSSEND - COTTAM,,
51230038,DB SCHENKER: HUNTERSTON - COTTAM,,
51230039,DB SCHENKER: TYNE DOCK - COTTAM,,
51230040,DB SCHENKER: AYR HARBOUR - COTTAM,,
51230041,DB SCHENKER: REDCAR - COTTAM,,
51230042,DB SCHENKER: BLACKWELL - COTTAM,,
51230043,DB SCHENKER: LEITH DOCKS - COTTAM,,
51230044,DB SCHENKER: NORTH BLYTH - COTTAM,,
51231430,DB SCHENKER: OXCROFT - WEST BURTON,,
51231431,DB SCHENKER: HULL - WEST BURTON,,
51231432,DB SCHENKER: DAW MILL - WEST BURTON,,
51231433,DB SCHENKER:KILLOCH - WEST BURTON,,
51231434,DB SCHENKER: MOSSEND - WEST BURTON,,
51231435,DB SCHENKER: IMMINGHAM - WEST BURTON,,
51231436,DB SCHENKER: THORESBY - WEST BURTON,,
51231437,DB SCHENKER: WELBECK - WEST BURTON,,
51231438,DB SCHENKER: HUNTERSTON - WEST BURTON,,
51231439,DB SCHENKER: TYNE DOCK - WEST BURTON,,
51231440,DB SCHENKER: AYR HARBOUR - WEST BURTON,,
51231441,DB SCHENKER: REDCAR - WEST BURTON,,
51300230,DBC UK: VARIOUS TO HOPE (EARLES SDG),,
51300231,EAGLE ENERGY : VARIOUS TO WESTBURY,,
51300330,DBC UK: DRAX TO KIRKBY THORE,,
51300331,DBC UK DRAX TO SHERBURN (MILFORD),,
51300332,DBC UK: DRAX TO EAST LEAKE,,
51300333,DBC UK: DRAX - MOUNTFIELD (GYPSUM),,
51300430,DBC UK: IMMINGHAM TO SCUNTHORPE (COAL),,
51300730,DB SCHENKER: KILLOCH - LYNEMOUTH,,
51300731,DB SCHENKER: REDCAR - LYNEMOUTH,,
51300732,DB SCHENKER: IMMINGHAM - LYNEMOUTH,,
51300735,DB SCHENKER: HUNTERSTON - LYNEMOUTH,,
51300830,DB SCHENKER: TYNE DOCK - AYR HARBOUR,,
51301930,CEMEX: VARIOUS TO FOXTON/RUGBY,,
51302130,DBC UK: VARIOUS TO CLITHEROE / PENYFFORDD,,
51400330,DBC UK: LOR - IMMINGHAM,,
51400530,DB SCHENKER: IMMINGHAM - STALYBRIDGE,,
51401430,DBC UK: HARTLEPOOL - CARDIFF (SCRAP),,
51412630,DBC UK: L.O.R. - KINGSBURY,,
51412730,DBC UK: L.O.R. - COLNBROOK,,
51412731,DBC UK: L.O.R. - COLWICK,,
51412732,DBC UK: L.O.R. - WESTERLEIGH,,
51412733,DBC UK: L.O.R. - THEALE,,
51413030,DBC UK: L.O.R. - JARROW,,
51413031,TOTAL UK: L.O.R. - PRESTON,,
51413130,DBC UK: L.O.R. - VARIOUS POWER STATIONS / WORKS,,
51413430,DBC UK: H.O.R. TO JARROW,,
51413730,DBC UK: L.O.R. TO BEDWORTH,,
51413830,PETROPLUS: PORT CLARENCE TO BEDWORTH,,
51413831,PETROPLUS: PORT CLARENCE TO WESTERLEIGH,,
51413930,TOTAL UK: L.O.R. - NEVILLE HILL DEPOT,,
51425130,DBC UK: IMMINGHAM TO SANTON / SCUNTHORPE (ORE),,
51425230,DBC UK: HARDENDALE TO REDCAR / LACKENBY,,
51425330,DBC UK: LACKENBY TO VARIOUS,,
51425331,DBC UK: LACKENBY - MARGAM,,
51425332,DBC UK: LACKENBY - LLANWERN,,
51425430,DBC UK: SCUNTHORPE TO VARIOUS,,
51426030,DBC UK: MARGAM - CORBY / MIDDLESBROUGH,,
51426230,DBC UK ENGINEERING STEELS: VARIOUS TO ALDWARKE,,
51426330,DBC UK: REDCAR - SCUNTHORPE (COKE),,
51426430,CORUS: SCUNTHORPE TO HARTLEPOOL,,
51426530,CORUS EXPORT: SCUNTHORPE TO VARIOUS,,
51426830,DBC UK: TINSLEY - SEAFORTH / IMMINGHAM / DONCASTER,,
51426930,"DBC UK: ""STEELWHEEL"" / EAST COAST PORTS TRAFFIC",,
51427030,DBC UK: HARTLEPOOL - GEORGEMAS JUNCTION (PIPES),,
51460680,METRONET INFRASTRUCTURE TRAINS WELLINGBOROUGH TO LONDO,,
51460780,METRONET INFRASTRUCTURE TRAINS FERME PARK TO LONDON UN,,
51461480,CONTINUOUS WELDED RAIL SCUNTHORPE ENTRANCE 'C' TO WASH,,
51461580,COAL : TYNE DOCK - DRAX POWER STATION,,
51461680,COAL : HULL - COTTAM/WEST BURTON POWER STATIONS,,
51461780,COAL : THORESBY - COTTAM/WEST BURTON POWER STATION,,
51461980,HULL DOCKS - DRAX POWER STATION (COAL),,
51462080,TYNE DOCK - LYNEMOUTH,,
51462180,IMMINGHAM TO EGGBOROUGH PS ESI COAL (CLASS 66 + HYA WA,,
51462280,REDCAR - EGGBOROUGH POWER STATION,,
51462580,GBRF: IMMINGHAM NORDIC TERMINAL TO SWINDON STORES (PRE,,
51462680,GBRF: DRAX PS TO MOSSEND (PD STIRLING) BUILDING MATERI,,
51462780,VARIOUS - EAST LEAKE (GYPSUM),,
51462880,GBRF: FIDDLERS FERRY PS TO KIRBY THORE GYPSUM FOR BRIT,,
51480000,FASTLINE - DONCASTER TO THAMESPORT CONTAINER TRAFFIC,,
51480100,DAW ML/HATFIELD/LVRPOOL BT/IMMINGHM/PORTBRY/AVONMTH/MA,,
51610410,DBC UK: SCUNTHORPE - DOLLANDS MOOR - HAYANGE,,
51620370,FREIGHTLINER HEAVYHAUL - CLEVELAND POTASH,,
51622470,FREIGHTLINER HEAVYHAUL - TOTAL FINA,,
52121320,DBC UK: CLITHEROE - MOSSEND,,
52121820,HARGREAVES: CASTLETON TO HEALEY MILLS,,
52122420,DBC UK: DOWLOW - ASHBURYS,,
52160040,TARMAC: TUNSTEAD TO VARIOUS (BREDBURY & AGECROFT),,
52160041,TARMAC: TUNSTEAD - HINDLOW,,
52160341,DBC UK: PEAK FOREST - BLETCHLEY & LONDON,,
52160342,DBC UK: PEAK FOREST - WASHWOOD HEATH / BRIERLEY HILL,,
52160343,DBC UK: PEAK FOREST - LEEDS,,
52160344,DBC UK: PEAK FOREST - HOPE STREET,,
52160345,DBC UK: PEAK FOREST - PETERBOROUGH / ELY / EAST ANGLIA,,
52160346,DBC UK: PEAK FOREST - SELBY,,
52160347,DBC UK: PEAK FOREST - HITCHIN / NORWICH,,
52160348,DBC UK: PEAK FOREST - ATTERCLIFFE,,
52160840,BRITISH SUGAR:- TUNSTEAD TO VARIOUS,,
52161000,DRS: (4000) - INEOS CAUSTIC SODA,,
52190390,SELLAFIELD-BARROW,,
52190490,DRS: (1300/1310) - SELLAFIELD - DRIGG LLW&PCM,,
52190590,DRS: (1000/1200) - MAGNOX/ EDF (NUCLEAR),,
52231432,EWS: DAW MILL TO WEST BURTON,,
52260533,DBC UK: LIVERPOOL B T - FIDDLERS FERRY,,
52260536,DB SCHENKER: PORTBURY - FIDDLERS FERRY,,
52405040,T.D.G. EUROPEAN CHEMICALS: GRANGEMOUTH - VARIOUS,,
52406641,DBC UK: TUNSTEAD - NORTHWICH / OAKLEIGH,,
52406840,DBC UK: GENERAL FREIGHT TRUNK SERVICES,,
52406842,DBC UK: GENERAL FREIGHT TRIP SERVICES,,
52407529,DBC UK: UK INTERMODAL SOUTHAMPTON - TRAFFORD PARK,,
52460980,COMMERCIAL BALLAST SERVICE WHITEMOOR YARD TO CHESTERTO,,
52461080,COMMERCIAL BALLAST SERVICE TO WHITEMOOR YARD TO NORTH,,
52461280,CONTINUOUS WELDED RAIL CASTLETON RWD TO WASHWOOD HEATH,,
52495000,CARLISLE-CHIRK TIMBER,,
52495100,NDS Infrastructure (Non Chargeable),,
52495300,IMMINGHAM TO WASHWOOD HEATH (STEEL MOVES FOR FREIGHT E,,
52495400,EUROPEAN INTERMODAL TRAFFIC,,
52660090,DRS: (4015) - AD-HOC MOVES FOR NEW CUSTOMERS - inc FIR,,
52660190,DRS: (9000) - TRANSIT POSITIONING MOVES,,
52660290,DRS: (4099) - TRIALS NEW FLOWS,,
52662090,DRS DAVENTRY - TILBURY,,
52662190,DRS SELLAFIELD TO HULL (CONTAINERS),,
52662290,DRS SELLAFIELD TO DRIGG (CONCRETE TRAFFIC),,
52662390,W H MALCOLM: COATBRIDGE - DAVENTRY,,
52662490,WH MALCOLM ELDERSLIE - KIRKBY THORE,,
52662590,EXEL DAVENTRY-COATBRIDGE,,
52662690,RUSSELL DAVENTRY - COATBRIDGE,,
52662790,JGR RUSSELL - DAVENTRY TO TILBURY - INTERMODAL TRAFFIC,,
52662890,DRS: (2206) - ESL - DAVENTRY - MOSSEND,,
52662990,DRS: (2200) - ESL - MOSSEND - INVERNESS,,
52664090,GRANGEMOUTH - ABERDEEN SERVICES,,
52664190,GRANGEMOUTH - GRANGEMOUTH FORTH PORT SERVICES,,
52664290,STOBART TRIAL SERVICE DAVENTRY - COATBRIDGE,,
52668090,DRS ENGINEERING HAULAGE,,
52716440,MANCHESTER METROLINK: VARIOUS,,
53121220,DBC UK: KETTON / CLITHEROE - ST. PANCRAS,,
53300530,DB SCHENKER: REDCAR - WILTON,,
53300531,DB SCHENKER: KILLOCH - WILTON,,
53300532,DB SCHENKER: HULL - WILTON,,
53300533,DB SCHENKER: TYNE DOCK - WILTON,,
53400730,STORA : VARIOUS,,
53400830,DBC UK: HECK - PETERBOROUGH / BIGGLESWADE / BOW,,
53495210,COLAS INFRASTRUCTURE SERVICES,,
53693523,YELLOW PLANT (BALFOUR BEATTY),,
53693524,YELLOW PLANT (COLAS),,
53693525,YELLOW PLANT (AMEY),,
53693526,CARILLION OTM SERVICES,,
53693528,YELLOW PLANT (BABCOCK RAIL),,
53693530,YELLOW PLANT (FASTLINE),,
53693532,YELLOW PLANT (VOLKER RAIL),,
53693533,SECO RAIL OTM SERVICES,,
53693534,CTRL YELLOW PLANT,,
53693601,HARSCO RAIL GRINDING SERVICES,,
53693701,FASTLINE INFRASTRUCTURE SERVICES,,
53716120,DBC UK INFRASTRUCTURE TRAINS FOR NON-NR CUSTOMERS,,
53716121,EWS SERVICES FOR AYLESBURY VALE PARKWAY PROJECT,,
53716220,DBC UK OWN ACCOUNT INFRASTRUCTURE MOVES,,
53716320,INFRASTRUCTURE TRAINS FOR CTRL,,
53716522,CORUS: CASTLETON-EASTLEIGH,,
53716525,CORUS: TEES DOCK - CASTLETON (IGA/YLA),,
53716526,CORUS: WORKINGTON - CASTLETON (IGA/YLA),,
53716527,CORUS: SCUNTHORPE - EASTLEIGH (IGA/YLA),,
53716528,CORUS: WORKINGTON-EASTLEIGH (IGA/YLA),,
53716529,CORUS: WORKINGTON-WEST RUISLIP,,
53790120,DBC UK: NDS TRUNK NETWORK TRAIN,,
53790121,DBC UK: NDS LOCAL NETWORK SERVICE,,
53790122,DBC UK: NDS BULK BALLAST NETWORK TRAIN,,
53790123,DBC UK: NDS OUTSTABLED MOVE NOT TO/FROM POSSESSION,,
53790124,DBC UK: NDS SPECIAL TRUNK OR LOCAL NETWORK TRAIN,,
53790125,DBC UK: NDS LDC OR OUTSTABLED MOVE TO/FROM POSSESSION,,
53790401,NR / DBC UK BREAKDOWN TRAIN,,
53790402,NR / DBC UK OLE RE-WIRING TRAIN,,
53790403,NR / DBC UK SNOW PLOUGH,,
53790404,NR / DBC UK WEEDSPRAYING TRAIN,,
54605010,DBC UK: M.O.D.,,
54606070,FREIGHTLINER INTERMODAL MAIN CONTRACT,,
54606570,FLR/NR INF NON-POSSESSION TRAIN,,
54606571,FLR/NR POSSESSION TRAIN,,
54761000,GB/NR INF NONE POSSESSION TRAIN,,
54761100,GB/NR POSSESSION TRAIN,,
54800000,STRATEGIC FUTURE PATHINGS,,
55120420,EWS: VARIOUS TO BOW EAST DEPOT,,
55121120,WBB MINERALS: MIDDLETON TOWERS - VARIOUS,,
55122820,DBC UK: DAGENHAM - BRENTFORD (SAND),,
55122821,DBC UK: MARKS TEY - CRAWLEY (SAND),,
55155420,EWS: VARIOUS TO WATFORD,,
55460080,GB RAILFREIGHT NORWICH - EASTLEIGH,,
55460081,DONCASTER WABTEC STOCK MOVEMENTS,,
55460180,CONTAINERS : FELIXSTOWE - SELBY,,
55460480,GB RAILFREIGHT CARLESS PETROLEUM NORTH WALSHAM,,
55462380,HUNSLET DOWN SIDINGS - LONG MARSTON. MOVEMENT OF EMPTY,,
55462480,WILLESDEN OLD OAK SIDINGS - HARWORTH COLLIERY,,
55607010,AUTOMOTIVE: FORD (DAGENHAM) - BRIDGEND,,
56120620,DBC UK: MOUNTSORREL - ELSTOW,,
56120621,DBC UK: MOUNTSORREL - HARLOW MILL,,
56120622,DBC UK: MOUNTSORREL - CHESTERTON JN,,
56120623,DBC UK: MOUNTSORREL - NORTHAMPTON,,
56120624,DBC UK: MOUNTSORREL - BARHAM,,
56120625,DBC UK: MOUNTSORREL - BANBURY,,
56120626,DBC UK: MOUNTSORREL - BROXBOURNE,,
56120627,DBC UK: MOUNTSORREL - CHELMSFORD,,
56120628,DBC UK: MOUNTSORREL - LANGLEY JN,,
56120629,DBC UK: MOUNTSORREL - OTHER DESTINATIONS,,
56120720,DBC UK: STUD FARM / MARKS TEY TO VARIOUS,,
56120721,DBC UK: SOUTH WALES / WESTBURY,,
56120722,DBC UK: STUD FARM - BURY ST. EDMUNDS / MARKS TEY,,
56121720,DBC UK: DAGENHAM - BOW,,
56155320,DBC UK: ROSSINGTON - ROXBY GULLET (WASTE),,
56161420,DBC UK: WILLESDEN ET TO CALVERT,,
56230234,DB SCHENKER: AVONMOUTH - DIDCOT,,
56230235,DB SCHENKER: DAW MILL - DIDCOT,,
56230730,DB SCHENKER: KILLOCH - RATCLIFFE,,
56230731,DB SCHENKER: RAVENSTRUTHER - RATCLIFFE,,
56230732,DB SCHENKER: AVONMOUTH - RATCLIFFE,,
56230733,DB SCHENKER: PORTBURY CT - RATCLIFFE,,
56230736,DB SCHENKER: IMMINGHAM - RATCLIFFE,,
56230737,DB SCHENKER: GREENBURN - RATCLIFFE,,
56230738,DB SCHENKER: NORTH BLYTH - RATCLIFFE,,
56230739,DB SCHENKER: NEW CUMNOCK - RATCLIFFE,,
56230740,DB SCHENKER: MOSSEND - RATCLIFFE,,
56230741,DB SCHENKER: CHALMERSTON - RATCLIFFE,,
56230742,DB SCHENKER: LIVERPOOL BULK TERMINAL - RATCLIFFE,,
56232320,DBC UK: ESI COAL TRUNK INTER-YARD SERVICES,,
56260834,DB SCHENKER: AVONMOUTH WEST WHARF - IRONBRIDGE,,
56260835,DB SCHENKER: IMMINGHAM - IRONBRIDGE,,
56260836,DB SCHENKER: PORTBURY - IRONBRIDGE,,
56260837,DB SCHENKER: LIVERPOOL BT - IRONBRIDGE,,
56260838,DB SCHENKER: RAVENSTRUTHER - IRONBRIDGE,,
56362120,SMALLSHAWS: WARRINGTON ARPLEY TO GOBOWEN / SHREWSBURY,,
56400020,DBC UK: BROMSGROVE / STOURBRIDGE BANKING LOCO,,
56427420,PORT OF BOSTON: BOSTON - WOLVERHAMPTON,,
56431020,DBC UK: VARIOUS - NEWPORT DOCKS (SCRAP),,
56431021,DB SCHENKER: VARIOUS - CARDIFF (SCRAP),,
56460280,GYPSUM (VARIOUS),,
56460380,GB RAILFREIGHT ROYAL MAIL & EXPRESS FREIGHT,,
56460580,GB RAILFREIGHT CLASS 170 DIESEL MULTIPLE UNITS,,
56460880,METRONET INFRASTRUCTURE TRAINS WILLESDEN BRENT TO LOND,,
56461380,CWR + CONCRETE SLEEPER TRAIN (COMBINED)WASH HEATH TO W,,
56461880,BIOMASS (DRAX),,
56470110,ADVENZA FREIGHT: INTERMODAL SERVICES,,
56470210,ADVENZA FREIGHT: GENERAL MERCHANDISE,,
56470310,ADVENZA FREIGHT: OTHER,,
56470410,ADVENZA FREIGHT: STEEL,,
56470510,ADVENZA INFRASTRUCTURE SERVICES,,
56470610,ADVENZA FREIGHT: GAS/OIL/PETROLEUM MOVEMENTS,,
56609010,DBC UK: AUTOMOTIVE TRAINLOAD DOMESTIC,,
56622370,FREIGHTLINER HEAVYHAUL - NORTH LONDON WASTE,,
56760006,SERCO IRIS 2,,
56760007,SERCO RIDE TESTS,,
56760009,SERCO RAILGRINDER,,
56760011,SERCO T.R.U.,,
56760012,SERCO T.R.C.,,
56760013,SERCO U.T.U.4,,
56760014,SERCO U.T.U.2,,
56760015,SERCO S.G.T.,,
56760016,SERCO MENTOR,,
56760017,SERCO T.I.C.,,
56760018,SERCO DEFAULT CODE,,
56760020,SERCO N.M.T.,,
56760021,SERCO RADIO SURVEY COACH,,
56760022,SERCO PANDORA,,
56760023,SERCO U.T.U.3,,
57120320,DBC UK: CLIFFE HILL STUD FARM - ALLINGTON,,
57120820,DBC UK: CLIFFE - BATTERSEA,,
57121020,DBC UK: ANGERSTEIN WHARF TO VARIOUS,,
57423220,DBC UK: HOLYBOURNE TO FAWLEY,,
57435120,DB SCHENKER: SCRAP TO SHEERNESS,,
57461180,BULK BALLAST ISLE OF GRAIN TO FERME PARK/WILLESDEN BRE,,
57475000,INTERMODAL,,
57475100,GENERAL MERCHANDISE,,
57475200,BULK,,
57607520,GEFCO: VARIOUS,,
57610110,DBC UK: EUROPEAN AUTOMOTIVE - VARIOUS,,
57610111,DBC UK: LT LOCO (HLP) EUROTUNNEL PATH DOLLANDS MR - FR,,
57610112,DB SCHENKER: SWINDON - DOLLANDS MOOR - GENT,,
57610210,DBC UK: EUROPEAN INTERMODAL - VARIOUS,,
57610211,DBC UK: ME120  EUROTUNNEL PATH DOLLANDS MOOR - FRETHUN,,
57610212,DBC UK: BARKING - DOLLANDS MOOR - VALENCIA,,
57610213,DBC UK: HAMS HALL - DOLLANDS MOOR - ITALY,,
57610310,DBC UK: BARRY - DOLLANDS MOOR - AMBERIEU,,
57610311,DBC UK: MA100  EUROTUNNEL PATH DOLLANDS MOOR - FRETHUN,,
57610312,DBC UK: DAVENTRY - DOLLANDS MOOR - RIOM / PUBLIER,,
57610313,DBC UK: IRVINE - DOLLANDS MOOR - ANTWERP,,
57610314,DBC UK: WEMBLEY - DOLLANDS MOOR (OTHER),,
57610315,DB SCHENKER: GREMBERG - DOLLANDS MOOR - POLMADIE,,
57620170,FREIGHTLINER HEAVYHAUL - COAL,,
57620270,FREIGHTLINER HEAVYHAUL - AUTOS,,
57620470,FREIGHTLINER HEAVYHAUL - LAFARGE,,
57620570,FREIGHTLINER HEAVYHAUL ECS/WAGONS AD-HOC,,
57620770,BARDON AGGREGATES/TARMAC/RMC,,
57620870,NON ESI COAL MOVEMENTS TO LYNEMOUTH AND WILLINGTON,,
57620970,FREIGHTLINER HEAVYHAUL - SPARE,,
57621070,FREIGHTLINER HEAVYHAUL - SPARE,,
57621170,FREIGHTLINER HEAVYHAUL - SPARE,,
57621270,FREIGHTLINER HEAVYHAUL - SPARE,,
57621370,FREIGHTLINER HEAVYHAUL - SPARE,,
57621470,FREIGHTLINER HEAVYHAUL - SPARE,,
57621570,FREIGHTLINER HEAVYHAUL - SPARE,,
57621670,FREIGHTLINER HEAVYHAUL - SPARE,,
57621770,FREIGHTLINER HEAVYHAUL - SPARE,,
57621771,NON ESI COAL MOVEMENTS TO LYNEMOUTH AND WILLINGTON,,
57621870,FREIGHTLINER HEAVYHAUL - SPARE,,
57621970,FREIGHTLINER HEAVYHAUL - BRISTOL WASTE,,
57622070,FREIGHTLINER HEAVYHAUL - CTRL,,
57622170,FREIGHTLINER HEAVYHAUL - CONOCO OIL,,
57622570,FREIGHTLINER HEAVYHAUL - EAST LONDON WASTE,,
57622670,FREIGHTLINER HEAVYHAUL - METALS,,
57622770,Finished Steel Products,,
57622870,FREIGHTLINER HEAVYHAUL - GREATER MANCHESTER WASTE,,
58422820,DBC UK:  FAWLEY - VARIOUS,,
59120020,DBC UK: MEREHEAD / WHATLEY - ACTON TRUNK SERVICES,,
59121520,MENDIP RAIL: TYTHERINGTON TO WESTBURY/BATTERSEA,,
59122220,MENDIP RAIL: MEREHEAD TO EXETER RIVERSIDE,,
59122620,DBC UK: AVONMOUTH - THEALE / BOW,,
59122720,DBC UK: AVONMOUTH - WEST DRAYTON,,
59155220,DBC UK: WEST LONDON - SEVERNSIDE (WASTE),,
59232030,DB SCHENKER: NEWPORT - USKMOUTH,,
59260133,DBC UK: CWMBARGOED - ABERTHAW,,
59260134,DBC UK: NEWPORT - ABERTHAW,,
59260135,DBC UK: AVONMOUTH - ABERTHAW,,
59260136,DBC UK: ONLLWYN - ABERTHAW,,
59260137,DBC UK: PORTBURY - ABERTHAW,,
59260138,DBC UK: TOWER - ABERTHAW,,
59360320,DB SCHENKER: CWMBARGOED - NEWPORT DOCKS,,
59360440,CAWOODS:VARIOUS TO SEAFORTH/CARDIFF DOCKS,,
59360541,DBC UK: SWANSEA AREA COAL,,
59360740,DBC UK: ONLLWYN - IMMINGHAM (COAL),,
59401120,DBC UK: MARGAM TO THRISLINGTON,,
59406341,DBC UK: CORNWALL TO CLIFFE VALE,,
59406441,DBC UK: VARIOUS TO FOWEY,,
59417742,BP OIL: CORYTON (THAMESHAVEN) - LLANDARCY,,
59418040,DBC UK: ROBESTON - BEDWORTH,,
59418041,DBC UK: ROBESTON / WESTERLEIGH,,
59418042,DBC UK: ROBESTON - THEALE,,
59427320,DBC UK: SCRAP TO SEAFORTH / CARDIFF DOCKS,,
59430442,DBC UK: MARGAM / LLANWERN - SHOTTON,,
59430443,DBC UK: MARGAM - TROSTRE,,
59430444,DBC UK: MARGAM - LLANWERN,,
59430640,DBC UK: MARGAM - OTHER MIDLAND SITES,,
59430641,DBC UK: MARGAM - ROUND OAK,,
59430940,DBC UK: ROTHERHAM - CARDIFF (SCRAP),,
59430941,DBC UK: BRIERLEY HILL - CARDIFF (SCRAP),,
59430942,DBC UK: CARDIFF - ROTHERHAM (STEEL PRODUCTS),,
59430944,DBC UK: SWINDON - CARDIFF (SCRAP),,
59430946,DBC UK: HANDSWORTH - CARDIFF (SCRAP),,
59430947,DBC UK: KINGSBURY / SALTLEY - CARDIFF (SCRAP),,
59430948,DBC UK: QUEENS HEAD - CARDIFF (SCRAP),,
59610510,DBC UK: MARGAM - DOLLANDS MOOR - MAUBEUGE,,
72030204,DBC UK: PASSENGER STOCK MOVES,,
72030304,RES CHARTER SERVICES,,
72033027,DBC UK: COMPANY TRAIN,,
81001009,ST PANCRAS INT - PARIS NORD,,
81002009,ST PANCRAS INT-BRUXELLES MIDI,,
81003009,ST PANCRAS INT-LILLE EUROPE,,
81003109,SKI TRAIN,,
81004009,EPS-DOMESTIC ECS,,
81004109,EPS-INTERNATIONAL ECS,,
81005009,WATERLOO INT-AMSTERDAM CS,,
81006009,WATERLOO INT-GERMANY,,
81007009,GLASGOW-PARIS (DAY),,
81007109,GLASGOW-BRUXELLES (DAY),,
81007209,BIRMINGHAM-PARIS (DAY),,
81007309,MANCHESTER-BRUXELLES (DAY),,
81007409,MANCHESTER-PARIS (DAY),,
81008109,GLASGOW-PARIS (NIGHT),,
81008209,SWANSEA-PARIS (NIGHT),,
81008309,PLYMOUTH-PARIS (NIGHT),,
81008409,MANCHESTER-PARIS (NIGHT),,
81009009,EUROSTAR TEST TRAINS,,
81009109,ENS TEST TRAINS,,
81100209,WATERLOO-MANCHESTER/MANCHESTER-WATERLOO,,
81100309,WATERLOO-EDINBURGH/EDINBURGH-WATERLOO,,
84006009,WATERLOO INT-AMSTERDAM CS,,
84100009,LONDON - DOLLAND MOOR EAST END (PARIS - FAST),,
84120009,EPS - TEST TRAIN,,
84200009,LONDON - DOLLAND MOOR EAST END (BRUSSELS - FAST),,
91781301,ECS -WOLVERTON WORKS,,
91897203,NETWORK RAIL-ANGLIA LINES SANDITE,,
91936204,NETWORK RAIL-LTS LINES SANDITE,,
91939204,N'RAIL-GE OUTER MLINE&BRANCHES SANDITE,,
91940204,N'RAIL-GE INNER&S.VICT SANDITE,,
91940304,ECS -ASHFORD WORKS,,
91941304,ECS FOR EASTLEIGH WORKS,,
91942304,ECS FOR WORKS OTHER THAN WOLV/ASHF/EASTL,,
92922209,NETWORK RAIL USE ONLY FOR BUS & SHIP,,
93999909,DE-ICING/SANDITE TRAINS(SCOTLAND),,
93999910,NETWORK RAIL SCOTLAND : OPEN ACCESS,,
95998301,BALFOUR BEATTY RAILHEAD TREATMENT TRAIN,,
95998400,AMEC RAILHEAD TREATMENT TRAIN,,
95998501,NR / DBC UK RAILHEAD TREATMENT TRAIN,,
95998502,DBCargo OHL DE-ICING SERVICE,,
95998602,DRS RAILHEAD TREATMENT TRAIN,,
95998804,JARVIS RAILHEAD TREATMENT TRAIN,,
96999100,SCOTRAIL - SANDITE - RAILTRACK SCOTLAND ZONE,,
96999210,MERSEYRAIL ELECTRICS - SANDITE - RAILTRACK NTH WEST ZO,,
96999211,EW&S - SANDITE - NETWORK RAIL NTH WEST ZONE,,
96999320,EW&S - SANDITE - NETWORK RAIL L & N E ZONE,,
96999430,EW&S - SANDITE - NETWORK RAIL MIDLANDS ZONE,,
96999433,CHILTERN - SANDITE - NETWORK RAIL MIDLANDS ZONE,,
96999540,GREAT EASTERN RAILWAYS - SANDITE - NETWORK RAIL E.ANGL,,
96999541,EW&S - SANDITE - NETWORK RAIL E.ANGLIA ZONE,,
96999650,EW&S - SANDITE - NETWORK RAIL GT WESTERN ZONE,,
96999760,SOUTH WEST TRAINS - SANDITE - RAILTRACK SOUTHERN ZONE,,
96999761,CONNEX STH CENTRAL - SANDITE - RAILTRACK SOUTHERN ZONE,,
96999762,CONNEX STH EASTERN - SANDITE - RAILTRACK SOUTHERN ZONE,,
96999763,BALFOUR BEATTY - SANDITE - NETWORK RAIL SOUTHERN ZONE,,
96999764,AMEC - SANDITE - NETWORK RAIL SOUTHERN ZONE,,
51231443,DB SCHENKER: BLACKWELL - WEST BURTON,,
21865000,LEEDS - SHEFFIELD - NOTTINGHAM,,
21865005,DRIVER TRAINING,,
22462900,CHARTER MOVEMENTS,,
24647000,ST PANCRAS INT - ASHFORD INT (HS1) (PEAK),,
24647001,ASHFORD INT - RAMSGATE (NRIL) PEAK),,
24647004,ST PANCRAS INT - ASHFORD INT (HS1) (OFF PEAK),,
24647005,ASHFORD INT - RAMSGATE (NRIL) (OFF PEAK),,
24648000,ST PANCRAS INT - EBBSFLEET (HS1) (PEAK),,
24648001,EBBSFLEET - RAMSGATE (NRIL) (PEAK),,
24648004,ST PANCRAS INT - EBBSFLEET (HS1) (OFF PEAK),,
24648005,EBBSFLEET - RAMSGATE (NRIL) (OFF PEAK),,
24649012,NRIL CLASS 395 TESTING SERVICES,,
50261144,DB SCHENKER: LEITH DOCKS - LONGANNET,,
51200143,DB SCHENKER: BUTTERWELL - DRAX,,
51200144,DB SCHENKER: AYR HARBOUR - DRAX,,
51231442,DB SCHENKER: NEW CUMNOCK - WEST BURTON,,
51231444,DB SCHENKER: NORTH BLYTH - WEST BURTON,,
51231445,DB SCHENKER: LEITH DOCKS - WEST BURTON,,
51300631,DB SCHENKER: BLACKWELL - AYR HARBOUR,,
51300733,DB SCHENKER: BUTTERWELL - LYNEMOUTH,,
51300734,DB SCHENKER: NEW CUMNOCK - LYNEMOUTH,,
51463280,CLASS 66 (RA7) + JNA JXA AND KEA WAGONS LOADED TO RA10,,
55460082,LUL S STOCK MOVEMENTS,,
55462780,CLASS 66 (RA7) NON-PLANNED COMMERCIAL L LOCO MOVES,,
55463380,MOUNTSORREL - WELLINGBOROUGH (LAFARGE),,
56470710,CONSTRUCTION MATERIALS (WEST BURTON TO TILBURY FLYASH,,
57622970,FHH - AGGREGATES,,
57623070,FHH - POTASH,,
59360321,DB SCHENKER: CWMBARGOED - BARRY DOCKS,,
12247110,BOLTON-MAN AIRPORT,,
51200539,DB SCHENKER: KELLINGLEY - FERRYBRIDGE,,
55460083,FIRST GROUP STOCK MOVEMENTS,,
50520520,SHORT TERM AD/HOC - PETROCHEMICALS,,
51230045,DB SCHENKER: GREENBURN - COTTAM,,
51300130,,,
52495500,CONSTRUCTION : WEST BURTON - TILBURY FLY ASH MOVEMENTS,,
52664390,CROSSLEY EVANS- OPEN (JXA) WAGONS TYNE DOCKS - SHIPLEY,,
56550100,EUROPEAN INTERMODAL,,
22757002,LONDON MARYLEBONE - WREXHAM,,
51200536,DB SCHENKER: NEWPORT DOCKS - FERRYBRIDGE,,
55463480,GBRF SCRAPSTEEL,,
55463580,NORTH BLYTH - FORT WILLIAM ALUMINA TRAF.- CLASS 66 (RA,,
56230236,DB SCHENKER: PORTBURY - DIDCOT,,
59155520,DBC UK: BOW - APPLEFORD,,
59155521,DBC UK: THORNEY MILL - APPLEFORD,,
12345678,Rob Rail,,
21960000,NON REVENUE EARNING TRAINS,,
21960300,VSTP NON REVENUE EARNING TRAINS,,
21961000,KINGS CROSS - CAMBRIDGE,,
21962000,CAMBRIDGE - ELY - KINGS LYNN,,
21963000,MOORGATE/KINGS CROSS - WELWYN GARDEN CITY,,
21964000,MOORGATE/KINGS CROSS - HERTFORD NORTH - STEVENAGE,,
21965000,KINGS CROSS - LETCHWORTH/ROYSTON (STOPPING),,
21967000,KINGS CROSS - HUNTINGDON/PETERBOROUGH,,
24207000,THAMESLINK NORTH (NORTHBOUND),,
24207001,THAMESLINK NORTH (SOUTHBOUND),,
24207003,THAMESLINK ECS MOVES,,
24601000,LDN-TONBRIDGE/TUNBDGE WELLS VIA REDHILL-PEAK TRAINS,,
24601004,LDN-TONBRIDGE/TUNBDGE WELLS VIA REDHILL,,
24612000,BRIGHTON MAINLINE,,
24617001,VICTORIA - GATWICK AIRPORT (DEDICATED SERVICE),,
24617002,VICTORIA - GATWICK CLASS 460,,
24628106,BRIGHTON/PORTSMOUTH/BASINGSTOKE/READING 1 CLASS 159,,
24628206,BRIGHTON/PORTSMOUTH/BASINGSTOKE 1 CLASS 423,,
24662000,SOUTH LONDON SUBURBAN (NORTHBOUND),,
24662001,SOUTH LONDON SUBURBAN (SOUTHBOUND),,
25961000,KINGS CROSS - CAMBRIDGE (PEAK),,
25962000,CAMBRIDGE - ELY - KINGS LYNN (PEAK),,
25963000,MOORGATE/KINGS CROSS - WELWYN GARDEN CITY (PEAK),,
25964000,MOORGATE/KINGS CROSS - HERTFORD NORTH - STEVENAGE,,
25965000,KINGS CROSS - LETCHWORTH/ROYSTON (PEAK),,
25967000,KINGS CROSS - HUNTINGDON/PETERBOROUGH (PEAK),,
50360641,MINING SC:CHALMERSTON-KILLOCH,,
51200431,BRITISH ENERGY:VARIOUS TO EGGBOROUGH,,
51401230,THRISLINGTON TO HARTLEPOOL,,
51412631,TOTALFINAELF: ROBESTON - KINGSBURY,,
51413530,STAR ENERGY (EM): WELTON-IMMINGHAM,,
52161420,VALE ROYAL BC : FIDDLERS FERRY - NORTHWICH,,
52195120,MANCHESTER WASTE:NORTHENDEN/BREDBURY TO ROXBY GULLET,,
53401330,W.M.THOMPSON:THRISLINGTON TO TEES YARD,,
56230938,T.X.U.:VARIOUS TO RUGELEY,,
56230940,BHP BILLITON: IMMINGHAM - RUGELEY,,
56431120,ST GOBAIN PIPES: STANTON GATE-TEES DOCK,,
57427520,CHATHAM DOCKS - COLNBROOK,,
57435220,SEACON: HOO JN/IMMINGHAM/MIDDLESBROUGH-VARIOUS,,
57622270,FREIGHTLINER HEAVYHAUL - GREATER MANCHESTER,,
59161220,R.P.C.C.: VARIOUS TO COLNBROOK,,
59260938,PORTBURY TO EAST MIDS POWER STNS,,
59406541,IMERYS:BURNGULLOW TO IRVINE,,
67610315,EWS: WEMBLEY - DOLLANDS MOOR - GREMBERG,,
51200534,DB SCHENKER: WELBECK - FERRYBRIDGE,,
56030020,DBC UK: ROYAL MAIL SERVICES,,
56716620,DB SCHENKER: EVERGREEN 3 PROJECT,,
51200145,DB SCHENKER: CWMBARGOED - DRAX,,
51414030,DB SCHENKER: IMMINGHAM - CARDIFF,,
22215003,ELL: (NR INFRASTRUCTURE ONLY) - NEW X GATE - CRYSTAL P,,
22215004,ELL: (NETWORK RAIL INFRASTRUCTURE ONLY) (PEAK),,
21756006,LONDON KINGS CROSS - BRADFORD,,
21625001,Devon and Cornwall Railways,,
21766006,LONDON KINGS CROSS - BRADFORD,,
24624001,Devon and Cornwall Railways,,
55463680,SPOIL -CLASS66 (RA7) + 16 JNA (RA8) / MLA (RA8) BETW E,,
56230734,DB SCHENKER: HATFIELD - RATCLIFFE,,
56307030,DB SCHENKER: DAW MILL - WELBECK,,
56550200,LIGHT ENGINE MOVES (DRIVER TRAINING),,
56550300,EUROPEAN INTERMODAL,,
51425530,DBC UK: INTER-WORKS SCRAP MOVEMENTS,,
51200530,DB SCHENKER: THORESBY - FERRYBRIDGE,,
51200532,DB SCHENKER: POTLAND BURN - FERRYBRIDGE,,
25905005,HAL INFRA PASS SERVICES FOR HEX - HEATHROW TERMS ONLY,,
22218000,ELL: (TFL INFRASTRUCTURE ONLY) - DALSTON JCT - NEW X /,,
53790130,DB SCHENKER: NDS T.R.U.,,
53790131,DB SCHENKER: NDS T.R.C.,,
53790132,DB SCHENKER: NDS U.T.U.,,
53790133,DBS : NDS - PLPR,,
53790134,DB SCHENKER: NDS U.T.U.4,,
53790135,DB SCHENKER: NDS S.G.T.,,
53790136,DB SCHENKER: NDS MENTOR,,
53790137,DB SCHENKER: NDS T.I.C.,,
53790138,DB SCHENKER: NDS N.M.T.,,
53790139,DB SCHENKER: NDS RADIO SURVEY COACH,,
51200147,DB SCHENKER:WIDDRINGTON - DRAX,,
51301131,DB SCHENKER: NORTH BLYTH - HUNTERSTON LL (COAL),,
52663090,CEMEX AGGREGATES: SHAP - HOPE ST (MANCHESTER),,
52663190,Victa Railfreight : Paper Pulp : Sheerness - Blackburn,,
24676606,SWR GHOST TRAIN MOVEMENTS,,
22112005,LIGHT LOCOMOTIVE MOVEMENTS,,
53693801,COLAS/NR HIGH OUTPUT CONTRACT,,
53693802,COLAS/NR MPV WIRING TRAIN,,
53693803,COLAS OWNED YELLOW PLANT,,
53693804,COLAS/NR INFRASTRUCTURE MONITORING (EMSAT),,
53693901,BB/NR PLAIN LINE GRINDERS,,
53693902,BB/NR STONEBLOWERS,,
53693903,BB OWNED YELLOW PLANT,,
53694001,AMEY /NR STONEBLOWER,,
53694002,AMEY OWNED YELLOW PLANT,,
53694201,SB RAIL OWNED YELLOW PLANT,,
53694101,VOLKER/NR STONEBLOWERS,,
53694102,VOLKER RAIL OWNED YELLOW PLANT,,
53694301,CARILLION CTRL OWNED YELLOW PLANT,,
53693602,HARSCO/ NR STONEBLOWERS,,
53694401,ON TRACK MAINTENANCE SERVICES,,
50302330,DB SCHENKER: MOSSEND - IMMINGHAM (COAL),,
51200146,DB SCHENKER: BLACKWELL - DRAX,,
51200540,DB SCHENKER: DAW MILL - FERRYBRIDGE,,
51300431,DBC UK: REDCAR TO SCUNTHORPE (COAL),,
51301130,DB SCHENKER: NORTH BLYTH - MOSSEND,,
51426331,DBC UK: REDCAR - MARGAM (COKE),,
52495001,RIBBLEHEAD <> CHIRK TIMBER TRAFFIC CONTRUCTION MATERIA,,
52495600,EUROPEAN INTERMODAL DAGENHAM <> DOLLANDS MOOR 7Z98; 7Z,,
52495700,EMPTY COACHING STOCK COLAS RAIL LTD,,
52663095,CEMEX AGGREGATES: SHAP - STOURTON/LEEDS,,
55303020,DBC UK: HULL - DRAX (BIOMASS),,
56431022,DBC UK: BEESTON - HULL (SCRAP),,
57610214,DB SCHENKER: TRAFFORD PARK - DOLLANDS MOOR- DUISBURG,,
59260139,DBC UK: CWMGWRACH - ABERTHAW,,
99999990,NETWORK RAIL TESTING OF TRAIN SCHEDULES,,
24647014,STRATFORD INTERNATIONAL BUS SERVICES,,
25535005,DO NOT USE,,
52663290,GRANGEMOUTH - TEESPORT,,
24660006,GHOST TRAINS (NON CHARGEABLE SERVICES),,
53694501,RAIL GRINDING MOVEMENTS TO/ FROM OTHER NETWORKS,,
55463780,EUROTUNNEL: DAVENTRY - NOVARA (ITALY),,
50261145,DB SCHENKER: GREENBURN - LONGANNET,,
59430445,DBC UK: TROSTRE - TILBURY,,
56230237,DB SCHENKER: TILBURY - DIDCOT,,
52495800,AD HOC LIGHT LOCO MOVEMENTS,,
52495900,FREIGHT EMPTY WAGON MOVEMENTS,,
51426031,DB SCHENKER: MIDDLESBROUGH - CORBY,,
59610610,DBC UK: IJMUIDEN - DOLLANDS MOOR - LLANWERN / TROSTRE,,
55660505,MISCELLANEOUS,,
54463980,MALTBY COLLIERY - DRAX POWER STATION,,
54463880,KELLINGLEY COLLIERY - DRAX POWER STATION,,
52496000,Coal Wolsingham to Scunthorpe - BULK AND NEO BULK,,
57120520,DB SCHENKER: NEWHAVEN - BRENTFORD,,
25391001,CHARTER MOVEMENTS,,
55155520,SHANKS WASTE SOLUTIONS,,
52160140,DBC UK: TUNSTEAD - DRAX,,
59360230,DBC UK: CWMBARGOED - PORT TALBOT STEELWORKS,,
56120220,DB SCHENKER: CROFT - FERME PARK,,
51580100,FREIGHT MOVEMENTS,,
51230046,DB SCHENKER: HATFIELD - COTTAM,,
51300334,DBC UK: FIDDLERS FERRY - KIRKBY THORE,,
51301230,DB SCHENKER: GREENBURN - IMMINGHAM,,
52663390,TEES DOCK TO DITTON OCONNERS AND RETURN,,
56230743,DB SCHENKER: THORESBY - RATCLIFFE,,
99888877,NETWORK RAIL RESERVED PATHINGS (NON QJ),,
52160940,DBC UK: SHAP TO VARIOUS,,
57610215,DBC UK: BARKING - DOLLANDS MOOR - WROCLAW,,
52407530,DBC UK: UK INTERMODAL SOUTHAMPTON - BURTON,,
52407531,DB SCHENKER: UK INTERMODAL SOUTHAHMPTON - HAMS HALL,,
52407532,DBC UK: UK INTERMODAL SOUTHAMPTON - WAKEFIELD,,
52407540,DBC UK: UK INTERMODAL FELIXSTOWE - WAKEFIELD,,
52407541,DB SCHENKER: UK INTERMODAL IPSWICH - HAMS HALL,,
52407542,DBC UK: UK INTERMODAL FELIXSTOWE - BURTON,,
52407543,DB SCHENKER: UK INTERMODAL MOSSEND- HAMS HALL,,
52407544,DBC UK: UK INTERMODAL DAVENTRY - MOSSEND,,
52407545,DBC UK: UK INTERMODAL LONDON GATEWAY - WAKEFIELD,,
52407546,DBC UK: UK INTERMODAL TEESPORT - MOSSEND,,
51231446,DB SCHENKER: HATFIELD - WEST BURTON,,
59427120,DB SCHENKER: CARDIFF - SCUNTHORPE (STEEL),,
52407539,DBC UK: UK INTERMODAL SOUTHAMPTON - HAMS HALL,,
22191608,DRS: (4031) - NORTHERN RAIL CUMBRIAN COAST,,
22191708,DRS (4032) - NORTHERN BELLE,,
52161190,DRS (4020) - NITRIC ACID SELLAFIELD,,
52191890,DRS (1600) - BABCOCK NUCLEAR,,
52191990,DRS (1850) - U03: SELLAFIELD - HULL,,
95998090,DRS : (3006) - INFRASTRUCTURE/POSSESSIONS/TIII,,
95998190,DRS (3001) - WEEDSPRAYING,,
95998290,DRS (3002) - SALOONS,,
95998790,DRS : (3003) - NDS INFRASTRUCTURE MONITORING,,
95998990,DRS (3004) - SNOWPLOUGH,,
51414031,DB SCHENKER: IMMINGHAM - WESTBURY,,
51431120,DBC UK: SHIPLEY - CARDIFF (SCRAP),,
52407520,DBC UK: MISCELLANEOUS UK INTERMODAL,,
52663490,DAVENTRY TO WENTLOOG,,
51464080,GBRF: GREENERGY PETROLEUM,,
52122421,DBC UK: DOWLOW - NORTHENDEN,,
52122422,DBC UK: DOWLOW - WALSALL,,
52122423,DBC UK: DOWLOW - COTTAM,,
52122424,DBC UK: DOWLOW - FERRYBRIDGE,,
56120630,DBC UK: MOUNTSORREL - PETERBOROUGH,,
56120631,DBC UK: MOUNTSORREL - KENNETT,,
56120632,DBC UK: MOUNTSORREL - NORWICH TROWSE,,
56120633,DBC UK: MOUNTSORREL - RADLETT,,
57120821,DBC UK: CLIFFE - CRAWLEY,,
57120822,DBC UK: CLIFFE - PURLEY,,
57120823,DBC UK: CLIFFE - TOLWORTH,,
59360620,DB SCHENKER: ONLLWYN - HUNTERSTON LL (COAL),,
59430841,DBC UK: VARIOUS TO BIRDPORT (STEEL),,
55660605,ECS MOVEMENTS,,
56550400,EUROPORTE CHANNEL HS1 GENERAL STOCK MOVEMENTS/INTERMOD,,
51464480,CROSSRAIL SPOIL TRAFFIC,,
51300432,DBC UK: REDCAR - MARGAM (COKE),,
51360420,DB SCHENKER:POTLAND BURN - KELLINGLEY(COAL),,
51427031,DBC UK: HARTLEPOOL - RAITHS FARM (PIPES),,
56230744,DB SCHENKER:KELLINGLEY - RATCLIFFE(COAL),,
59260140,DBC UK: NEW CUMNOCK - ABERTHAW (COAL),,
59360231,DB SCHENKER:MALTBY - PORT TALBOT STEELWORKS (COAL),,
59430340,DB SCHENKER:HITCHIN - CARDIFF (SCRAP),,
59120000,DBC UK: MEREHEAD / WHATLEY - CHELMSFORD,,
59120001,DBC UK: MEREHEAD / WHATLEY - EXETER RIVERSIDE,,
59120021,DBC UK: MEREHEAD / WHATLEY - ALLINGTON,,
59120022,DBC UK: MEREHEAD / WHATLEY - ANGERSTEIN WHARF,,
59120023,DBC UK: MEREHEAD / WHATLEY - APPLEFORD,,
59120024,DBC UK: MEREHEAD / WHATLEY - ARDINGLY,,
59120025,DBC UK: MEREHEAD / WHATLEY - BATTERSEA,,
59120026,DBC UK: MEREHEAD / WHATLEY - BOTLEY,,
59120027,DBC UK: MEREHEAD / WHATLEY - BOW,,
59120028,DBC UK: MEREHEAD / WHATLEY - BRENTFORD,,
59120029,DBC UK: MEREHEAD / WHATLEY - CHICHESTER,,
59120030,DBC UK: MEREHEAD / WHATLEY - COLNBROOK,,
59120031,DBC UK: MEREHEAD / WHATLEY - CRAWLEY,,
59120032,DBC UK: MEREHEAD / WHATLEY - DAGENHAM,,
59120033,DBC UK: MEREHEAD / WHATLEY - EASTLEIGH,,
59120034,DBC UK: MEREHEAD / WHATLEY - FAREHAM,,
59120035,DBC UK: MEREHEAD / WHATLEY - HAMWORTHY,,
59120036,DBC UK: MEREHEAD / WHATLEY - HARLOW MILL,,
59120037,DBC UK: MEREHEAD / WHATLEY - OXFORD BANBURY ROAD,,
59120038,DBC UK: MEREHEAD / WHATLEY - PURFLEET,,
59120039,DBC UK: MEREHEAD / WHATLEY - PURLEY,,
59120040,DBC UK: MEREHEAD / WHATLEY - SEVINGTON,,
59120041,DBC UK: MEREHEAD / WHATLEY - THAMES HAVEN,,
59120042,DBC UK: MEREHEAD / WHATLEY - THEALE FY,,
59120043,DBC UK: MEREHEAD / WHATLEY - THEALE HANSON,,
59120044,DBC UK: MEREHEAD / WHATLEY - TOLWORTH,,
59120045,DBC UK: MEREHEAD / WHATLEY - WATFORD,,
59120046,DBC UK: MEREHEAD / WHATLEY - WEST DRAYTON,,
59120047,DBC UK: MEREHEAD / WHATLEY - WOKING,,
59120048,DBC UK: MEREHEAD / WHATLEY - WOOTTON BASSETT,,
59120049,DBC UK: MEREHEAD / WHATLEY - OTHER DESTINATIONS,,
57120321,DBC UK: CLIFFE HILL STUD FARM - WEST DRAYTON,,
57120322,DBC UK: GRAIN - CRAWLEY,,
57120323,DBC UK: GRAIN - THEALE FY,,
57120324,DBC UK: GRAIN - WEST RUISLIP,,
57120348,DBC UK: CLIFFE HILL STUD FARM - OTHER DESTINATIONS,,
57120349,DBC UK: GRAIN - OTHER DESTINATIONS,,
59122721,DBC UK: MACHEN - WEST DRAYTON,,
59122747,DBC UK: AVONMOUTH - OTHER DESTINATIONS,,
59122748,DBC UK: TOWER - OTHER DESTINATIONS,,
59122749,DBC UK: MACHEN - OTHER DESTINATIONS,,
22206000,QUEENS RD PECKHAM - CLAPHAM JCT SLL,,
51464280,LIMESTONE : SHAP - TEESIDE (SSi),,
50301330,DBC UK: EARLSEAT - HUNTERSTON LL (COAL),,
51200148,DB SCHENKER:POTLAND BURN - DRAX,,
51200149,DB SCHENKER:LEITH DOCKS- DRAX,,
51200541,DB SCHENKER:PORTBURY - FERRYBRIDGE,,
52496100,PETROLEUM SERVICES,,
56461881,BIOMASS (E-ON),,
59425630,DBC UK: NEWPORT DOCKS - WOLVERHAMPTON,,
52495002,TIMBER TEIGNGRACE TO CHIRK,,
52495003,TIMBER BAGLAN BAY TO CHIRK,,
52496001,COAL WOLSINGHAM TO RATCLIFFE,,
52496200,ESI COAL WOLSINGHAM TO RATCLIFFE,,
51231447,DB SCHENKER: GREENBURN - WEST BURTON,,
51200542,DB SCHENKER: MOSSEND - FERRYBRIDGE,,
51200543,DB SCHENKER: HUNTERSTON - FERRYBRIDGE,,
51360421,DB SCHENKER: BUTTERWELL - KELLINGLEY (COAL),,
51360425,DB SCHENKER: BUTTERWELL - THORESBY (COAL),,
51360426,DB SCHENKER: POTLAND BURN - THORESBY (COAL),,
51360820,DBC UK: REDCAR - IMMINGHAM (COAL),,
56230735,DB SCHENKER: POTLAND BURN - RATCLIFF,,
59360120,DBC UK: ONLLWYN - SCUNTHORPE (COAL),,
52496300,DAVENTRY TO LONDON EUSTON,,
24680005,VICTORIA-LONDON BRIDGE(VIA D. HILL),,
21755008,CHARTER TRAINS,,
55660705,COAL,,
53694003,GW ELECTRIFICATION - HIGH OUTPUT PLANT SYSTEM,,
51790500,NR SEASONAL SERVICES(NON CHARGEABLE & NON SCHEDULE 8/P,,
55660808,INFRASTRUCTURE SERVICES,,
51464180,VARIOUS - FERRYBRIDGE,,
21730005,CLASS 350 DRIVER TRAINING & ECS MOVES,,
51460681,METRONET : FERME PARK - LUL,,
51460682,METRONET : WILLESDEN - LUL,,
51461581,COAL : VARIOUS - DRAX POWER STATION,,
51461781,COAL : TYNE DOCK - COTTAM/WEST BURTON POWER STATIONS,,
51461782,COAL : IMMINGHAM - COTTAM/WEST BURTON POWER STATIONS,,
51461783,COAL : VARIOUS - COTTAM/WEST BURTON POWER STATIONS,,
51462081,REDCAR - LYNEMOUTH,,
51462281,TYNE DOCK - EGGBOROUGH POWER STATION,,
51462282,VARIOUS - EGGBOROUGH POWER STATION,,
51462781,VARIOUS - MOUNTFIELD (GYPSUM),,
51462782,VARIOUS - KIRKY THORE (GYPSUM),,
51462783,VARIOUS (GYPSUM),,
51463180,GBRF : ESI COAL,,
51463281,GBRF : HARGREAVES (COAL),,
51463282,GBRF : UK COAL (COAL),,
51464181,PORT OF BLYTH - FERRYBRIDGE,,
51464182,IMMINGHAM - FERRYBRIDGE,,
51464183,TYNE DOCK - FERRYBRIDGE,,
51464281,SSI GENERAL TRAFFIC,,
51464580,GBRF TARMAC VARIOUS - AGGREGATES,,
51464680,GBRF STONE/SPOIL/CEMENT -VARIOUS CONSTRUCTION MATERIAL,,
55460084,KILMARNOCK WABTEC STOCK MOVEMENTS,,
55460085,KILMARNOCK (BONNYTON) STOCK MOVEMENTS,,
55460086,SPRINGBURN RAILCARE STOCK MOVEMENTS,,
55460087,ANGEL TRAINS STOCK MOVEMENTS,,
55460088,BOMBARDIER STOCK MOVEMENTS,,
55460089,WOLVERTON RAILCARE STOCK MOVEMENT,,
55460181,CONTAINERS : FELIXSTOWE - HAMS HALL,,
55460182,CONTAINERS : FELIXSTOWE - TRAFFORD PARK,,
55460183,CONTAINERS : FELIXSTOWE - DONCASTER,,
55460481,CARLESS : HARWICH - HOLYBOURNE,,
55463481,SIMS METALS,,
55463482,CELSA METALS,,
55463681,VARIOUS - CALVERT (SPOIL),,
56461381,CONTINUOUS WELDED RAIL : SCUNTHORPE - WASHWOOD HEATH,,
56461882,GBRf BIOMASS LIVERPOOL-DRAX,,
56460581,GBRf LIGHT LOCOMOTIVES,,
95999801,BALFOUR BEATTY RAILHEAD TREATMENT MOVEMENTS,,
95997808,RAILHEAD TREATMENT MOVEMENTS,,
52160530,DBC UK: EARLES SIDINGS - THEALE / WALSALL,,
52407521,DBC UK: UK INTERMODAL LONDON GATEWAY - TRAFFORD PARK,,
52407547,DBC UK: UK INTERMODAL ELGIN - GRANGEMOUTH,,
55121420,DBC UK: MIDDLETON TOWERS - ELLESMERE PORT,,
57610316,DBC UK: DITTON - DOLLANDS MOOR - NEUSS,,
59232031,DB SCHENKER: PORTBURY - USKMOUTH,,
72030305,RES: BRITISH PULLMAN,,
81010001,EUROSTAR SERVICE (NON STOP),,
81010002,EUROSTAR SERVICE (CALLING AT ASHFORD INT ONLY),,
81010003,EUROSTAR SERVICE (CALLING AT EBBSFLEET INT ONLY),,
81010004,EUROSTAR SERVICE (CALLING AT ASHFORD INT & EBBSFLEET I,,
51464780,GBRF SAND; MIDDLETON TOWERS-BARNBY DUN/MONK BRETTON/GO,,
97790600,WEEDSPRAY MOVEMENTS,,
51464581,GBRF AGGREGATE INDUSTRIES: BARDON MILL - VARIOUS (AGGR,,
51464880,GBRF STVA DAGENHAM - GARSTON CARS,,
50520221,DBC UK: WAGONS FOR SCRAP,,
51230047,DB SCHENKER: ROSSINGTON - COTTAM,,
51231448,DB SCHENKER: ROSSINGTON - WEST BURTON,,
55303021,DBC UK: IMMINGHAM - DRAX (BIOMASS),,
51464582,GBRf GRS VARIOUS - AGGREGATES,,
51161220,DBC UK: DRAX - APPLEFORD (PFA),,
53693904,LIGHT LOCO MOVES TO COLLECT WORKS VEHICLES,,
53693905,LOCO HAULED WORK TRAINS TO/FROM SIDINGS TO POSSESSIONS,,
53693906,DRIVER TRAINING,,
21723000,GN SERVICES TO/FROM MOORGATE/KING'S CROSS VIA POTTERS,,
21724000,GN SERVICES TO/FROM MOORGATE/KING'S CROSS VIA HERTFORD,,
21725000,GN SERVICES BETWEEN KING'S CROSS AND ELY/KINGS LYNN,,
21726000,GN SERVICES BETWEEN KING'S CROSS AND LET-RYS/CBG (SLOW,,
21727000,GN SERVICES BETWEEN KING'S CROSS AND PETERBOROUGH,,
21728000,KENTISH TOWN - BLACKFRIARS (JOINT),,
21788001,GN EMPTY COACHING STOCK MOVEMENTS,,
22720000,TL MML OUTER SERVICES BETWEEN THE CORE AND LEAGRAVE -,,
22720001,TL NORTH - LOOP (TO/FROM WIM LOOP),,
22720002,TL BLACKFRIARS -ST ALBANS/LUTON/BEDFORD (JOINT),,
22721000,TL BML SERVICES BETWEEN THE CORE AND BRIGHTON/LITTLEHA,,
22722000,TL SOUTH SERVICES BETWEEN THE CORE AND THE WIMBLEDON L,,
22788002,THAMESLINK EMPTY COACH STOCK MOVEMENTS,,
24741000,LONDON - ORPINGTON VIA HERNE HILL,,
24742000,TL SOUTH - KENT (SEV VIA CAT),,
21381001,LONDON LIVERPOOL ST - SHENFIELD (OFF PEAK),,
21381008,TfL RAIL MOVEMENTS,,
22728000,TL MML METRO SERVICES BETWEEN THE CORE AND LUTON,,
25381001,LONDON LIVERPOOL ST - SHENFIELD (PEAK),,
55460090,GBRF HS1 - STOCK MOVES,,
55463781,GBRF HS1 - INTERMODAL,,
56460582,GBRF HS1 - LIGHT ENGINES,,
21234001,LONDON LIVERPOOL ST - CHESHUNT/ENFIELD TOWN (OFF PEAK),,
21235001,LONDON LIVERPOOL ST - CHINGFORD SERVICES (OFF PEAK),,
21237001,ROMFORD - UPMINSTER,,
21252001,ARL (WEST ANGLIA) EMPTY STOCK MOVES,,
23556003,EUSTON - GLASGOW (SLEEPER TRAIN),,
23557003,CARSTAIRS - EDINBURGH (SLEEPER TRAIN),,
23558003,EUSTON - INVERNESS (SLEEPER TRAIN),,
23559003,EDINBURGH - ABERDEEN (SLEEPER TRAIN),,
23570003,EDINBURGH - FORT WILLIAM (SLEEPER TRAIN),,
25234001,LONDON LIVERPOOL ST - CHESHUNT/ENFIELD TOWN (PEAK),,
25235001,LONDON LIVERPOOL ST - CHINGFORD SERVICES (PEAK),,
59360741,DBC UK: NEWPORT DOCKS - IMMINGHAM (COAL),,
52407548,DBC UK: UK INTERMODAL DAVENTRY - GRANGEMOUTH,,
57120325,DBC UK: GRAIN - FERME PARK,,
59120002,DBC UK: MEREHEAD / WHATLEY - AVONMOUTH,,
59120003,DBC UK: MEREHEAD / WHATLEY - NEWHAVEN,,
59120004,DBC UK: MEREHEAD / WHATLEY - FERME PARK,,
24742001,TL SOUTH - KENT (ORP VIA HNH),,
52160340,DBC UK: CARDIFF DOCKS - CRAWLEY,,
52260534,DB SCHENKER: HUNTERSTON HL - FIDDLERS FERRY,,
55121620,DBC UK: IPSWICH - WATFORD,,
50520222,DBC UK: RAIL VEHICLE DELIVERIES,,
56155120,DBC UK: CRICKLEWOOD  - CALVERT,,
55661005,INTERMODAL,,
52496101,COLAS BITUMEN SERVICES,,
24743000,EAST COASTWAY,,
24744000,WEST COASTWAY,,
24745000,LONDON - TONBRIDGE/HORSHAM/REIGATE VIA REDHILL,,
24746000,LONDON - SUSSEX COAST VIA HAYWARDS HEATH,,
24747000,SN LONDON - BRIGHTON,,
24748000,LONDON - SUSSEX COAST VIA HORSHAM,,
24749000,LONDON - UCKFIELD/EAST GRINSTEAD,,
24782000,VICTORIA - SOUTH LONDON METRO VIA STREATHAM HILL,,
24783000,LONDON BRIDGE - SOUTH LONDON METRO VIA SYDENHAM,,
24784000,VICTORIA - SOUTH LONDON METRO VIA NORBURY,,
24785000,VICTORIA - SOUTH LONDON METRO VIA HACKBRIDGE,,
24786000,LONDON - METRO FAST VIA PURLEY OR WALLINGTON,,
24787000,LONDON BRIDGE - SOUTH LONDON METRO VIA PECKHAM RYE,,
24788003,SOUTHERN SANDITE/DE-ICER SERVICES,,
24788004,SOUTHERN TEST TRAINS,,
24788005,SOUTHERN ECS MOVEMENTS,,
24788006,SOUTHERN 'GHOST TRAINS' (NON-CHARGEABLE),,
24788007,GATWICK EXPRESS ECS MOVEMENTS,,
24968000,SOUTHERN WEST LONDON LINE,,
24969000,GATWICK EXPRESS,,
22192108,DRS: (4007) - DRS CHARTERS/TOC OTHER,,
22192208,DRS: CHARTER TRANSIT,,
23563015,ARGYLL LINE,,
52190591,DRS (4037) - DOUNREAY - SELLAFIELD - GEORGEMAS (NUCLEA,,
52190592,DRS (1950) - HARWELL - SELLAFIELD - BERKELEY,,
52190593,DRS (1650) - INS - EXOTICS,,
52660191,DRS (9002) - ENGINEERING MAINTENANCE MOVES,,
52660192,DRS: (9001) - TRAINING - ROUTE LEARNING,,
52660193,DRS: (4018) - VIRGIN,,
52660194,DRS: (4005) - CHILTERN,,
52660195,DRS: (4025) - ABELLIO,,
56661501,RAIL OPERATIONS GROUP,,
95998005,DRS : (3005) - NDS SERVICES 1&2 CREWE BESCOT,,
95998007,DRS : (3007) - NDS MPV VIDEO,,
95998008,DRS : (3008) - NDS GSMR,,
95998009,DRS : (3009) - NDS LINE CLEARANCE,,
95998010,DRS : (3010) - NDS BULK BALLAST KINGMOOR/MOSSEND - SHA,,
95998012,DRS : (3012) - NDS BULK BALLAST CREWE - MOUNTSORREL,,
95998013,DRS : (3013) - NDS SERVICES 13&14 DONCASTER - TOTON/WH,,
95998015,DRS : (3015) - NDS SERVICES 29 CREWE - CARLISLE,,
95998016,DRS : (3016) - NDS SERVICES 31 CREWE - BESCOT TOTON,,
95998018,DRS : (3018) - NDS BULK BALLAST CARLISLE - MOUNTSORREL,,
95998019,DRS : (3019) - NDS ADHOC SPECIALS,,
52122425,DBC UK: DOWLOW - HECK,,
52155420,DBC UK: KNOWSLEY - WILTON (WASTE),,
56230745,DB SCHENKER: BUTTERWELL - RATCLIFFE,,
51300335,DBC UK:  HULL - EAST LEAKE (GYPSUM),,
56160720,DBC UK: WILLESDEN ET TO BARRINGTON,,
25535004,MARYLEBONE - OXFORD,,
24968001,SN WEST LONDON LINE - NORTH,,
23557004,EDINBURGH - CARSTAIRS (SLEEPER TRAIN),,
23559004,ABERDEEN - EDINBURGH (SLEEPER TRAIN),,
23570004,FORT WILLIAM - EDINBURGH (SLEEPER TRAIN),,
59120420,DBC UK: BURNGULLOW - BOW DEPOT,,
55122426,DB SCHENKER: DOWLOW - ECCLES ROAD,,
57120824,DBC UK: CLIFFE - NEASDEN,,
52160349,DBC UK: PEAK FOREST - CROFT QUARRY,,
52160941,DBC UK: RIBBLEHEAD - HUNSLET,,
52190594,DRS (Direct Rail Services),,
52485113,COLAS NSC P.L.P.R.,,
52495110,COLAS NSC T.R.U.,,
52495111,COLAS NSC T.R.C.,,
52495112,COLAS NSC U.T.U.,,
52495113,COLAS NSC P.L.P.R.,,
52495114,COLAS S.G.T.,,
52495115,COLAS NSC MENTOR,,
52495116,COLAS T.I.C.,,
52495117,COLAS N.M.T.,,
52495118,COLAS NSC RADIO SURVEY COACH,,
55460091,GBRf SPZ TESTING - IEP,,
55660305,DOMESTIC WASTE (SUCH AS SPOIL AND WASTE),,
55660905,SCRAP - IRON AND STEEL UNGRADED (TOPS 184),,
57623170,INTERMODAL,,
52490470,COLAS RAIL - LaFARGE,,
21284001,GNWR LONDON TO BLACKPOOL,,
21285001,GNWR CHARTER,,
21286001,GNWR ECS,,
21591001,TRAM TRAIN SERVICES BETWEEN TINSLEY NORTH JUNCTION & P,,
51161520,DBC UK: WEST BURTON - EAST PECKHAM,,
56120634,DBC UK: MOUNTSORREL - LUTON,,
22253008,WEST COAST AD HOC MOVES,,
57121920,DBC UK: NEWHAVEN - BRENTFORD,,
59122621,DBC UK: IPSWICH - THEALE / BOW,,
12357820,MIA / MCV - BOLTON - WIGAN - PRESTON - BARROW / WINDER,,
12362822,MIA-BON-PRE-BPN,,
22361000,LANCASTER / OXENHOLME - WINDERMERE / MORECAMBE,,
21589001,SWANAGE RAILWAY,,
99990000,NR ON TRACK MACHINES,,
52122427,DBC UK: DOWLOW - CHESTERTON JN,,
52160339,DBC UK: PEAK FOREST - DALLAM,,
57620780,COKE,,
51464583,GBRf HANSON AGGREGATES SERVICES,,
51464681,GBRf FCC SPOIL VARIOUS,,
52122426,DBC UK: DOWLOW - ECCLES ROAD,,
22661600,Rail Operations Group,,
51464682,GBRf LYNCH SPOIL VARIOUS,,
22462901,GBRf ROYAL SCOTSMAN,,
57620785,NON-ESI INDUSTRIAL COAL,,
51300336,DBC UK: HULL - KIRKBY THORE (GYPSUM),,
56120723,DBC UK: MORETON-ON-LUGG - ELSTOW,,
56120724,DBC UK: MORETON-ON-LUGG - RADLETT,,
56120725,DBC UK: MORETON-ON-LUGG - TROWSE,,
99888855,EU EUROPEAN CORRIDOR RESERVED PATHS (NON QJ),,
56461883,GBRf LYNEMOUTH POWER: TYNE DOCK-LYNEMOUTH BIOMASS,,
99000499,EU EUROPEAN CORRIDOR RESERVED PATHS,,
51464081,GBRf PUMA PETROLEUM SERVICES VARIOUS,,
51464980,GBRf COAL IMMINGHAM-RATCLIFFE E.ON,,
51464981,GBRf COAL VARIOUS-RATCLIFFE E.ON,,
22255000,COVENTRY - LEAMINGTON SHUTTLE,,
25515005,Discontinued - LONDON PADDINGTON TO HAYES & HARLINGTON,,
55460092,GBRf: NON COMMERCIAL WAGON MOVES,,
72030206,DBC UK: ROLLING STOCK TRIALS (CL. 345),,
52660490,DRS CONSTRUCTION,,
51465080,GBRf INDUSTRIAL MINERALS: IMERYS SERVICES,,
55460184,GBRf: CONTAINERS: BIRCH COPPICE MARITIME,,
72030207,DBC UK: ROLLING STOCK TRIALS (CL. 385),,
55695000,LORAM: CUSTOMER STOCK MOVES,,
21383009,DO NOT USE - OOC - CROSSRAIL INFRA ECS (CHARGEABLE),,
21385008,DO NOT USE - HEATHROW AIRPORT LTD ECS,,
87654321,Dummy Test Aliance Rail,,
51465180,GBRf: MoD VARIOUS,,
57623271,FHH Aviation Fuel,,
22241001,SHERINGHAM - CROMER,,
55463483,GBRf: ARMITT GROUP STEEL,,
51462784,GBRf: J CLUBB FLYASH CONSTRUCTION MATERIALS,,
21708001,LOCOMOTIVE SERVICES CHARTERS,,
12366110,MANCHESTER VICTORIA - WARRINGTON BANK QUAY - CHESTER,,
12367020,MANCHESTER AIRPORT - WARRINGTON - LIVERPOOL (FAST),,
21382002,HAL INFRA: PASS SERVICES ELIZABETH LINE - HEATHROW TER,,
21383108,ECS MOVES HAL INFA (non chargeable),,
21383208,ECS MOVES RfL INFRA (non chargeable),,
21384001,NR INFRA: READING / MAIDENHEAD / HAYES & HARLINGTON -,,
21386001,HAL INFRA: HAYES & HARL - HEATHROW TERMINALS (OFF PEAK,,
22745100,TL LONDON BRIDGE - HORSHAM (ex-SN),,
22746100,TL LONDON BRIDGE - LITTLEHAMPTON (ex-SN),,
22747100,TL LONDON BRIDGE - BRIGHTON (ex-SN),,
25384001,NR INFRA: READING / MAIDENHEAD / HAYES & HARLINGTON -,,
25386001,HAL INFRA: HAYES & HARL - HEATHROW TERMINALS (PEAK),,
21382001,RfL: PASSENGER SERVICE ABBEYW/PADD on RfL INFRA ONLY,,
23583008,TEST TRAINS: POLMADIE - VARIOUS,,
22723100,TL ECML SERVICES BETWEEN THE CORE AND WELWYN GARDEN CI,,
22726100,TL ECML SERVICES BETWEEN THE CORE AND CAMBRIDGE STATIO,,
22727100,TL ECML SERVICES BETWEEN THE CORE AND PETERBOROUGH,,
22729000,TL BML SERVICES BETWEENTHE CORE AND GATWICK/HORSHAM,,
22742000,TL SOUTH SERVICES BETWEEN THE CORE AND SEVENOAKS/ORPIN,,
22760000,TL KENT SERVICES BETWEEN THE CORE AND MAIDSTONE E/ASHF,,
22761000,TL KENT SERVICES BETWEEN THE CORE AND RAINHAM,,
22790001,TL BML SERVICES BETWEEN THE CORE AND EAST GRINSTEAD,,
24788000,LONDON - EPSOM (FAST)/DORKING/GUILDFORD/HORSHAM,,
55463484,EMR SCRAP STEEL,,
55460185,CONTAINERS: WINCANTON,,
55463485,TATA STEEL,,
56661701,RAIL OPERATIONS GROUP - SPOIL SERVICES,,
52494900,Domestic Automotive: Dagenham - Bridgend Ford Sdgs,,
57622971,FLHH Cemex: Peak Forest - Bletch Construction Material,,
55463782,GBRf ASAHI INTERNATIONAL INTERMODAL,,
55463783,GBRf DUISBURG INTERNATIONAL INTERMODAL,,
22729001,TL BML SERVICES BETWEEN THE CORE AND EAST GRINSTEAD,,
24780000,LONDON - EPSOM (FAST)DORKING/GUILDFORD/HORSHAM,,
22111208,VINTAGE CHARTERS (PASSENGER),,
22111308,VINTAGE: THE SHAKESPEARE EXPRESS,,
22111608,VINTAGE SVR DINER (PASSENGER),,
52111408,VINTAGE FREIGHT GENERAL,,
52111508,VINTAGE FREIGHT VIVARAIL,,
55460093,GBRf Sleeper Coach Testing,,
51464584,GBRf CEMEX VARIOUS,,
23536003,GLASGOW/EDINBURGH - DUNDEE/ARBROATH,,
23537003,MONTROSE - ABERDEEN,,
51464683,GBRf NORRIS WASTE,,
51464684,GBRf BIFFA,,
51464685,GBRf HANSON CEMENT,,
22345001,CHESTER - LIVERPOOL LIME STREET,,
21381901,RFL PASSENGER: PADDINGTON - STRATFORD (SHENFIELD TRAIN,,
25381901,RFL PASSENGER: PADDINGTON - STRATFORD (SHENFIELD TRAIN,,
52112201,AREA SOUTH SPOIL,,
51464686,GBRf TARMAC TALLINGTON,,
22238208,CHARTER - NORTHERN BELLE,,
22463000,CHARTERS BRIGHTON BELLE,,
95997000,DRS: NETWORK RAIL INFRASTRUCTURE TRAINS,,
95997900,DB CARGO: NETWORK RAIL INFRASTRUCTURE TRAINS,,
22263110,BIRMINGHAM - RUGELEY,,
22327000,CREWE - BIRMINGHAM,,
52663391,DRS TRAFFORD PARK - TEES,,
52113301,AREA CENTRAL AGGREGATES,,
51464687,GBRf WALSH SPOIL,,
95990100,FLHH NR INFRASTRUCTURE TRAINS,,
95762000,GBRf: NETWORK RAIL INFRASTRUCTURE TRAINS,,
21809000,YORK - SCARBOROUGH LOCALS,,
57622972,FREIGHTLINER HEAVY HAUL MENDIP AGGREGATES,,
21795000,NEWCASTLE - MIDDLESBROUGH VIA STILLINGTON,,
51467080,GBRf non-ESI COAL IMMINGHAM TO REDCAR,,
22016102,LOCOMOTIVE SERVICES FREIGHT,,
55222000,DB CARGO: ETCS FREIGHT PROGRAMME,,
55597000,GBRf: ETCS FREIGHT PROGRAMME,,
55598000,FREIGHTLINER: ETCS FREIGHT PROGRAMME,,
55599000,DRS: ETCS FREIGHT PROGRAMME,,
55595001,FREIGHTLINER INTERMODAL: ETCS FREIGHT PROGRAMME,,
52497000,COLAS - ABERDEEN WATERLOO TO MOSSEND DOWN YARD,,
52497001,COLAS - CARLISLE NEW YARD - WORKINGTON DOCKS,,
